지역,구,상호,주소,상표,전화번호,셀프여부,휘발유,경유
서울,강남구,(주)보성 세곡주유소,서울 강남구  헌릉로 731 (세곡동),SK에너지,02-445-6870,Y,1559,1469
서울,강남구,HD현대오일뱅크㈜직영 산성셀프주유소,서울 강남구 헌릉로 730,HD현대오일뱅크,02-2226-4963,Y,1569,1489
서울,강남구,삼성동주유소,서울 강남구 테헤란로 619 (삼성동),HD현대오일뱅크,02-508-6572,Y,1573,1535
서울,강남구,방죽주유소,서울 강남구 밤고개로 215 (율현동),GS칼텍스,02-459-3434,Y,1597,1519
서울,강남구,자곡셀프주유소,서울 강남구 밤고개로 120 (자곡동),SK에너지,02-445-5841,Y,1598,1559
서울,강남구,HD현대오일뱅크㈜직영 도곡셀프주유소,서울 강남구  남부순환로 2718 (도곡2동),HD현대오일뱅크,02-529-5101,Y,1619,1539
서울,강남구,극동유화㈜ 개나리주유소,서울 강남구 언주로 423 (역삼동),S-OIL,02-564-0186,Y,1625,1535
서울,강남구,오일프러스 셀프,서울 강남구 남부순환로 2651 (도곡동),SK에너지,02-3462-5100,Y,1625,1545
서울,강남구,HD현대오일뱅크㈜직영 유진주유소,서울 강남구 논현로 152 (도곡동),HD현대오일뱅크,02-3462-5215,N,1629,1554
서울,강남구,(주)중앙에너비스 수서지점,서울 강남구 광평로 202 (수서동),SK에너지,070-8707-4582,Y,1637,1567
서울,강남구,일원주유소,서울 강남구 양재대로55길 3 (일원동),S-OIL,02-2226-5188,Y,1637,1567
서울,강남구,대교셀프주유소,서울 강남구 강남대로 640 (신사동),SK에너지,02-512-5521,Y,1650,1620
서울,강남구,SK서광주유소,서울 강남구 역삼로 142,SK에너지,02-562-4855,Y,1685,1615
서울,강남구,SK에너지㈜ 진달래주유소,서울 강남구 도곡로 208,SK에너지,02-3462-0018,N,1689,1615
서울,강남구,(주)선진도곡주유소,서울 강남구 도곡로 162 (도곡동),S-OIL,02-2058-3024,N,1689,1598
서울,강남구,지에스칼텍스㈜에너지플러스허브GS타워,서울 강남구 논현로 516 (역삼동),GS칼텍스,02-539-5145,Y,1699,1669
서울,강남구,(유)동하석유 힐탑셀프주유소,서울 강남구 논현로 640,SK에너지,02-544-4075,Y,1737,1697
서울,강남구,대동석유 압구정주유소,서울 강남구 언주로 842 (신사동),SK에너지,02-545-6161,Y,1747,1697
서울,강남구,세진에너지(주) 개포주유소,서울 강남구 양재대로 339,GS칼텍스,02-573-9031,Y,1788,1698
서울,강남구,지에스칼텍스㈜ 삼성로주유소,서울 강남구 삼성로 563 (삼성동),GS칼텍스,02-538-5138,Y,1859,1829
서울,강남구,HD현대오일뱅크㈜직영 신사현대주유소,서울 강남구 도산대로 163 (신사동),HD현대오일뱅크,02-546-2182,N,1878,1834
서울,강남구,지에스칼텍스㈜ 은마주유소,서울 강남구 영동대로 235,GS칼텍스,02-3452-1882,N,1879,1849
서울,강남구,대성석유(주)동호주유소,서울 강남구 봉은사로113길 51,GS칼텍스,02-545-0720,N,1899,1792
서울,강남구,지에스칼텍스(주)학여울주유소,서울 강남구 남부순환로 3170 (일원2동),GS칼텍스,02-459-8829,N,1999,1935
서울,강남구,HD현대오일뱅크㈜직영 한양주유소,서울 강남구 압구정로 302 (신사동),HD현대오일뱅크,02-3444-0804,N,2083,2026
서울,강남구,명품주유소,서울 강남구 도곡로 249 (역삼동),S-OIL,02-501-1256,Y,2128,2037
서울,강남구,(주)소모 쎈트럴주유소,서울 강남구 삼성로 335,GS칼텍스,02-565-0267,N,2137,2062
서울,강남구,㈜새서울석유 새서울주유소,서울 강남구 압구정로 154,HD현대오일뱅크,02-543-1154,N,2158,1998
서울,강남구,대청주유소,서울 강남구 개포로 654 (일원동),SK에너지,02-445-5500,N,2195,2086
서울,강남구,SK논현주유소,서울 강남구 논현로 747 (논현동),SK에너지,02-511-0955,N,2345,2195
서울,강남구,(주)제이제이네트웍스 제이제이주유소,서울 강남구 언주로 716,HD현대오일뱅크,02-518-5631,N,2490,2380
서울,강남구,(주)만정에너지 삼보주유소,서울 강남구 봉은사로 433 (삼성동),GS칼텍스,02-518-5141,N,2598,2560
서울,도봉구,이케이에너지 주식회사,서울 도봉구 도봉로 941 (도봉동),HD현대오일뱅크,02-3494-3641,Y,1490,1415
서울,도봉구,도봉제일주유소(주)송만에너지,서울 도봉구 도봉로 783 (도봉동),HD현대오일뱅크,02-955-5185,N,1499,1424
서울,도봉구,지에스칼텍스㈜ 도봉주유소,서울 도봉구 도봉로 895 (도봉동),GS칼텍스,02-954-0118,Y,1499,1424
서울,도봉구,한이에너지(주) 쌍문주유소,서울 도봉구 도봉로 547 (쌍문동),S-OIL,02-992-0220,Y,1499,1424
서울,도봉구,지에스칼텍스㈜ 방학동주유소,서울 도봉구 방학로 186,GS칼텍스,02-3493-5189,Y,1499,1424
서울,도봉구,(주)자연에너지 햇살주유소,서울 도봉구 방학로 142 (방학동),HD현대오일뱅크,02-954-4555,Y,1499,1424
서울,도봉구,삼미북부셀프주유소,서울 도봉구 도봉로 437 (쌍문동),SK에너지,02-992-5561,Y,1499,1424
서울,도봉구,(주)쌍문셀프주유소,서울 도봉구 노해로 161 (쌍문동),HD현대오일뱅크,02-998-9704,Y,1499,1424
서울,도봉구,(주)헨지스에너지 구도일주유소 도봉,서울 도봉구 도봉로 706 (방학동),S-OIL,02-3491-3454,Y,1509,1434
서울,도봉구,극동유화(주) 대안주유소,서울 도봉구 마들로 574 (창동),S-OIL,02-996-6640,Y,1519,1449
서울,도봉구,구도일주유소 파크빌,서울 도봉구 해등로3길 86 (창동),S-OIL,02-906-5104,Y,1519,1439
서울,도봉구,동일석유(주) 창동주유소,서울 도봉구  도봉로 434 (창동),SK에너지,02-902-5544,Y,1535,1455
서울,도봉구,오복주유소,서울 도봉구 방학로 43,S-OIL,02-3494-1500,Y,1545,1503
서울,도봉구,노원교주유소,서울 도봉구 마들로 776 (도봉동),HD현대오일뱅크,02-956-5189,Y,1545,1473
서울,도봉구,대성산업(주)신창주유소,서울 도봉구 덕릉로 267 (창동),GS칼텍스,02-905-4441,Y,1555,1475
서울,도봉구,HD현대오일뱅크㈜직영 영신주유소,서울 도봉구 방학로 151,HD현대오일뱅크,02-956-5152,N,1657,1577
서울,동대문구,동서울고속주유소,서울 동대문구 한천로 414,SK에너지,02-969-1144,Y,1507,1417
서울,동대문구,(주)자연에너지 국민주유소,서울 동대문구 답십리로 223 (답십리동),HD현대오일뱅크,02-2216-7155,Y,1507,1417
서울,동대문구,풍한주유소,서울 동대문구 안암로 168,SK에너지,02-924-5189,N,1515,1435
서울,동대문구,재정주유소,서울 동대문구 전농로 121 (전농동),HD현대오일뱅크,070-8256-4617,Y,1519,1435
서울,동대문구,재정제2주유소,서울 동대문구 사가정로 90 (전농동),HD현대오일뱅크,02-2249-6682,Y,1519,1435
서울,동대문구,열린주유소,서울 동대문구 한천로 263 (휘경동),S-OIL,02-2215-6543,N,1527,1427
서울,동대문구,대성산업(주)동마장주유소,서울 동대문구 고산자로 405 (용두동),GS칼텍스,02-966-5451,Y,1545,1465
서울,동대문구,대성산업㈜청량리주유소,서울 동대문구 왕산로 289 (청량리동),GS칼텍스,02-966-2714,Y,1545,1465
서울,동대문구,(주)경동주유소,서울 동대문구 이문로 191 (이문동),S-OIL,02-965-6006,Y,1555,1465
서울,동대문구,홍능주유소,서울 동대문구 홍릉로 87 (청량리동),S-OIL,02-966-9190,N,1557,1497
서울,동대문구,(주)파랑에너지,서울 동대문구 망우로 126,GS칼텍스,02-2242-5145,Y,1559,1475
서울,동대문구,한영주유소 (한화),서울 동대문구 망우로 38 (휘경동),HD현대오일뱅크,02-2214-9890,N,1559,1539
서울,동대문구,삼영주유소,서울 동대문구 답십리로 258 (장안동),SK에너지,02-2217-2018,N,1567,1477
서울,동대문구,HD현대오일뱅크㈜직영 스피드주유소,서울 동대문구 천호대로 453 (장안동),HD현대오일뱅크,02-2216-5151,N,1589,1509
서울,동대문구,오동나무주유소,서울 동대문구  한천로 81 (답십리동),S-OIL,02-2247-5132,N,1628,1538
서울,동대문구,삼미상사(주)장안킹셀프주유소,서울 동대문구  한천로 100 (장안동),SK에너지,02-2242-7115,Y,1637,1557
서울,동대문구,배봉로주유소,서울 동대문구 서울시립대로 108,HD현대오일뱅크,02-2242-0556,Y,1645,1560
서울,동작구,지에스칼텍스(주) 대방주유소,서울 동작구 여의대방로 214,GS칼텍스,02-826-5145,N,1559,1469
서울,동작구,창원이엔지주유소,서울 동작구 사당로 59 (상도동),HD현대오일뱅크,02-825-5151,Y,1565,1465
서울,동작구,HD현대오일뱅크㈜직영 신대방셀프주유소,서울 동작구 시흥대로 616 (신대방동),HD현대오일뱅크,02-832-7926,Y,1579,1484
서울,동작구,HD현대오일뱅크㈜직영 사당셀프주유소,서울 동작구 동작대로 73 (사당동),HD현대오일뱅크,02-521-3618,Y,1594,1549
서울,동작구,HD현대오일뱅크㈜직영 흑석동셀프주유소,서울 동작구 현충로 101 (흑석동),HD현대오일뱅크,02-815-0724,Y,1599,1559
서울,동작구,지에스칼텍스㈜직영 남성주유소,서울 동작구 동작대로 135 (사당동),GS칼텍스,02-532-0606,Y,1599,1559
서울,동작구,매일주유소,서울 동작구 상도로 139 (상도동),S-OIL,02-817-4085,Y,1599,1579
서울,동작구,HD현대오일뱅크㈜직영 동작주유소,서울 동작구 상도로 403 (상도동),HD현대오일뱅크,02-817-9179,N,1609,1564
서울,동작구,살피재주유소,서울 동작구 상도로 334,SK에너지,02-817-2559,N,1785,1695
서울,마포구,(주)타이거통상 월드컵주유소,서울 마포구 월드컵북로 170 (성산제2동),S-OIL,02-373-3314,Y,1489,1449
서울,마포구,성산대교셀프주유소,서울 마포구 성산로 144,HD현대오일뱅크,02-323-0078,Y,1499,1479
서울,마포구,청원주유소,서울 마포구 월드컵북로 113 (성산동),HD현대오일뱅크,02-325-5533,Y,1499,1479
서울,마포구,마포시엠주유소,서울 마포구 월드컵북로 62,SK에너지,02-338-9447,N,1499,1459
서울,마포구,에쓰오일(주)마포주유소,서울 마포구 마포대로 186 (공덕동),S-OIL,02-711-5189,Y,1569,1529
서울,마포구,에쓰오일(주) 염리동주유소,서울 마포구 백범로 126 (염리동),S-OIL,02-3272-5155,Y,1579,1539
서울,마포구,(주)안국에너지 망원동주유소,서울 마포구 월드컵로 119 (망원동),SK에너지,02-334-0917,N,1588,1528
서울,마포구,용강주유소,서울 마포구 토정로 258,S-OIL,070-7795-4800,N,1609,1569
서울,마포구,(주)만성상사 대흥주유소,서울 마포구 대흥로 61 (대흥동),SK에너지,02-3273-5151,N,1609,1569
서울,마포구,에스에스오토셀프,서울 마포구 서강로 76 (창전동),HD현대오일뱅크,02-336-5185,Y,1609,1569
서울,마포구,SK에너지 양지주유소,서울 마포구 마포대로 69 (도화동),SK에너지,02-706-8955,N,1639,1599
서울,마포구,SK에너지(주) 안국주유소,서울 마포구 양화로 33,SK에너지,02-3144-1197,N,1659,1614
서울,서대문구,(주)가재울뉴타운주유소,서울 서대문구 모래내로 205,HD현대오일뱅크,070-8879-7864,Y,1529,1449
서울,서대문구,(주)미래아스팔트 신우주유소,서울 서대문구 가좌로 106(홍은동),S-OIL,02-304-5522,Y,1529,1489
서울,서대문구,남정주유소,서울 서대문구 모래내로 243 (남가좌동),GS칼텍스,02-305-9828,N,1538,1488
서울,서대문구,(주)창원이엔지 홍제지점,서울 서대문구 통일로 455 (홍제동),HD현대오일뱅크,02-379-0753,N,1539,1479
서울,서대문구,(주)한화미 구도일주유소 두꺼비,서울 서대문구 성산로 312,S-OIL,02-336-0611,Y,1539,1489
서울,서대문구,HD현대오일뱅크㈜직영 연세주유소,서울 서대문구 연희로 184,HD현대오일뱅크,02-337-8220,Y,1544,1489
서울,서대문구,지에스칼텍스(주)홍제동주유소,서울 서대문구 통일로 372,GS칼텍스,02-736-3708,Y,1549,1489
서울,서대문구,HD현대오일뱅크㈜직영 독립문주유소,서울 서대문구 통일로 384 (홍제동),HD현대오일뱅크,02-735-0333,N,1549,1489
서울,서대문구,(주)안국에너지 삼보셀프주유소,서울 서대문구 연희로 78 (연희동),SK에너지,02-336-6151,Y,1569,1498
서울,서대문구,행촌제2주유소,서울 서대문구 성산로 490 (대신동),SK에너지,02-365-5189,Y,1569,1498
서울,서대문구,중앙에너비스 동교지점,서울 서대문구 연희로 12 (창천동),SK에너지,070-8707-4568,Y,1575,1495
서울,서대문구,㈜우남에너지 문화사랑주유소,서울 서대문구 세검정로 87 (홍제동),S-OIL,02-395-4300,Y,1589,1559
서울,서대문구,삼미상사(주)서부주유소,서울 서대문구 성산로 255,SK에너지,02-334-4919,Y,1595,1539
서울,서대문구,연희주유소,서울 서대문구 연희로 129 (연희동 89-7번지),SK에너지,02-338-8045,N,1598,1548
서울,서대문구,광호주유소,서울 서대문구 연희로 266 (홍은동),SK에너지,02-395-7236,N,1598,1548
서울,서초구,만남의광장주유소,서울 서초구 양재대로12길 73-71,알뜰(ex),02-573-7430,Y,1501,1407
서울,서초구,(주)대농석유 남태령주유소,서울 서초구 과천대로 838 (방배동),SK에너지,02-587-0895,Y,1565,1465
서울,서초구,양재최고주유소,서울 서초구 매헌로 72 (양재동),S-OIL,02-2057-5189,N,1565,1485
서울,서초구,헌릉로주유소,서울 서초구 헌릉로 177 (내곡동),S-OIL,02-2058-3224,Y,1569,1489
서울,서초구,에너지 플러스 허브 내곡,서울 서초구 헌릉로 210,GS칼텍스,02-573-7878,Y,1569,1489
서울,서초구,에쓰오일(주)직영 오토테크주유소,서울특별시 서초구  효령로 356 (서초동),S-OIL,02-585-5189,Y,1585,1505
서울,서초구,(주)한미석유 서초주유소,서울 서초구 반포대로 64 (서초동),GS칼텍스,02-582-5198,Y,1585,1505
서울,서초구,극동유화(주) 전당앞주유소,서울 서초구 남부순환로 2391 (서초동),S-OIL,02-6080-0516,Y,1585,1505
서울,서초구,서초꽃마을주유소,서울 서초구 반포대로 69 (서초동),GS칼텍스,02-523-5551,Y,1595,1515
서울,서초구,대성석유(주)연일주유소,서울 서초구 남부순환로 2451,GS칼텍스,02-3471-5151,N,1596,1515
서울,서초구,서초하이웨이 주유소,서울 서초구 양재대로2길 100-30,S-OIL,02-577-5151,Y,1597,1527
서울,서초구,지에스칼텍스(주)선천주유소,서울 서초구 동작대로 206 (방배동),GS칼텍스,02-592-4915,N,1599,1559
서울,서초구,대성산업(주)직영 강남주유소,서울 서초구 반포대로 284 (반포동),GS칼텍스,02-594-5987,Y,1605,1545
서울,서초구,태봉셀프주유소,서울 서초구 태봉로 117 (우면동),SK에너지,02-571-8000,Y,1607,1535
서울,서초구,신반포주유소,서울 서초구 사평대로 94 (반포동),SK에너지,02-533-5151,Y,1609,1558
서울,서초구,한독주유소,서울 서초구 방배로 218 (방배동),GS칼텍스,02-3477-6127,Y,1609,1558
서울,서초구,HD현대오일뱅크㈜직영 팔레스주유소,서울 서초구 사평대로 136 (반포동),HD현대오일뱅크,02-720-0020,N,1610,1559
서울,서초구,에너지플러스허브 삼방주유소,서울 서초구 사평대로 364 (서초동),GS칼텍스,02-536-5145,Y,1616,1589
서울,서초구,반포그린주유소,서울 서초구 서초중앙로 239 (반포동),GS칼텍스,02-532-5147,Y,1616,1589
서울,서초구,HD현대오일뱅크㈜직영 사평로주유소,서울 서초구 사평대로 350 (서초동),HD현대오일뱅크,02-3481-2513,N,1616,1589
서울,서초구,말죽거리주유소,서울 서초구 남부순환로 2650 (양재동),GS칼텍스,02-579-9933,N,1626,1546
서울,서초구,HD현대오일뱅크㈜직영 양재현대주유소,서울 서초구 마방로 6,HD현대오일뱅크,02-579-8429,N,1629,1554
서울,서초구,양재주유소,서울 서초구 바우뫼로 178,SK에너지,02-577-1621,N,1629,1554
서울,서초구,HD현대오일뱅크㈜직영 방배현대주유소,서울 서초구 동작대로 182 (방배동),HD현대오일뱅크,02-534-0051,N,1632,1570
서울,서초구,HD현대오일뱅크㈜직영 서초제일주유소,서울 서초구 사임당로 116 (서초동),HD현대오일뱅크,02-587-6080,N,1632,1581
서울,서초구,대성산업(주)직영 터미널(고속)주유소,서울 서초구 신반포로 222 (반포동),GS칼텍스,02-535-3001,N,1635,1575
서울,서초구,대신석유(주)대우주유소,서울 서초구 양재대로 173 (양재동),SK에너지,02-572-0567,Y,1649,1567
서울,서초구,지에스칼텍스(주)남서울주유소,서울 서초구 나루터로 83 (잠원동),GS칼텍스,02-542-1517,N,1699,1669
서울,서초구,방배동주유소,서울 서초구 효령로 29 (방배동),SK에너지,02-584-2086,N,1893,1796
서울,서초구,대신석유㈜서원주유소,서울 서초구 반포대로 142 (서초동),SK에너지,02-599-3657,N,1938,1838
서울,서초구,(주)선문에너지 중앙주유소,서울특별시 서초구  바우뫼로 219 (양재1동),S-OIL,02-575-5110,N,2168,1989
서울,성동구,정호주유소,서울 성동구 고산자로 307 (마장동),자가상표,02-2297-9442,N,1508,1438
서울,성동구,KLP제2주유소,서울 성동구 동일로 249 (송정동),HD현대오일뱅크,02-465-5182,Y,1514,1434
서울,성동구,(주)서울에너지 직영,서울 성동구 천호대로 324 (용답동),S-OIL,02-3390-4338,Y,1519,1439
서울,성동구,지에스칼텍스㈜ 도루코주유소,서울 성동구 아차산로 180,GS칼텍스,02-463-6919,Y,1544,1464
서울,성동구,HD현대오일뱅크㈜직영 성동셀프주유소,서울 성동구 마장로 311 (마장동),HD현대오일뱅크,02-2299-7333,Y,1555,1470
서울,성동구,아이콘주유소,서울 성동구 고산자로 273 (도선동),S-OIL,02-2291-5189,Y,1558,1478
서울,성동구,SK에너지(주) 군자동주유소,서울 성동구 천호대로 446 (용답동),SK에너지,02-2244-4945,N,1589,1509
서울,성동구,삼우주유소,서울 성동구 천호대로 392,SK에너지,02-2245-8974,N,1697,1717
서울,성동구,SK에너지(주) 성수주유소,서울 성동구 뚝섬로 352 (성수동1가),SK에너지,02-467-7240,N,1728,1675
서울,성동구,SK KH에너지 성수만세주유소,서울 성동구 왕십리로 109,SK에너지,02-499-8223,Y,1738,1685
서울,성동구,SK세원2주유소,서울 성동구 광나루로 184 (성수동1가),SK에너지,02-462-5665,N,1743,1683
서울,성동구,금호주유소,서울 성동구 금호로 39 (금호동4가),GS칼텍스,02-2297-0066,N,1896,1797
서울,성동구,동일주유소,서울 성동구 광나루로 254 (성수동2가),HD현대오일뱅크,02-461-7100,N,1967,1875
서울,성동구,청계로주유소,서울 성동구 청계천로 454 (하왕십리동),SK에너지,02-2294-4225,N,1995,1945
서울,성동구,(주)옥수하이웨이스테이션,서울 성동구 독서당로 168 (옥수동),GS칼텍스,02-2282-5151,N,2148,2098
서울,성북구,원천주유소,서울 성북구 돌곶이로 142 (장위동),GS칼텍스,070-4063-1057,Y,1503,1413
서울,성북구,(주)삼표에너지 정릉주유소,서울 성북구 보국문로 35 (정릉동),GS칼텍스,02-914-6556,Y,1505,1415
서울,성북구,이케이에너지㈜ 강산주유소,서울 성북구 보문로 27 (보문동7가),GS칼텍스,02-953-1448,Y,1505,1415
서울,성북구,이케이에너지(주) 강산제2주유소,서울 성북구 보국문로 52,HD현대오일뱅크,02-942-1448,Y,1505,1415
서울,성북구,장삼 쌍둥이 주유소,서울 성북구 한천로 612 (장위동),HD현대오일뱅크,02-909-0314,Y,1505,1415
서울,성북구,신동방주유소,서울 성북구 월계로 84 (장위동),S-OIL,02-918-5151,Y,1505,1415
서울,성북구,㈜명연에너지 효성주유소,서울 성북구 화랑로 27,GS칼텍스,02-942-5150,Y,1515,1455
서울,성북구,장위주유소,서울 성북구 화랑로 110 (하월곡동),S-OIL,02-6498-5189,Y,1525,1455
서울,성북구,HD현대오일뱅크㈜직영 고대셀프주유소,서울 성북구 종암로 12 (종암동),HD현대오일뱅크,02-912-5151,Y,1535,1455
서울,성북구,SK에너지(주) 드림랜드주유소,서울 성북구 월계로 128 (장위동),SK에너지,02-916-9906,N,1535,1455
서울,성북구,지에스칼텍스(주) 종암주유소,서울 성북구 종암로 145 (종암동),GS칼텍스,02-921-7785,Y,1535,1455
서울,성북구,중앙에너비스 종암지점,서울 성북구 종암로 58,SK에너지,070-8707-4565,Y,1535,1455
서울,성북구,(주)성북주유소,서울 성북구 보문로 142,HD현대오일뱅크,02-928-4900,Y,1535,1465
서울,성북구,우리주유소,서울 성북구 화랑로 292,SK에너지,02-969-5185,Y,1544,1465
서울,성북구,(주)신용 구도일주유소화랑로,서울 성북구 화랑로 174,S-OIL,02-963-0051,Y,1553,1473
서울,성북구,HD현대오일뱅크㈜직영 북악셀프주유소,서울 성북구 정릉로 218 (정릉동),HD현대오일뱅크,02-911-5189,Y,1557,1465
서울,성북구,신방주유소,서울 성북구 안암로 111 (안암동5가),S-OIL,02-922-5151,N,1559,1479
서울,성북구,동일주유소,서울특별시 성북구  보문로 85 (보문동5가),S-OIL,02-923-8484,Y,1559,1519
서울,성북구,재정제2주유소 길음지점,서울 성북구 삼양로 78 (길음동),HD현대오일뱅크,02-980-1311,N,1569,1499
서울,성북구,HD현대오일뱅크㈜직영 아리랑주유소,서울 성북구 아리랑로 96 (정릉동),HD현대오일뱅크,02-941-5189,N,1570,1539
서울,성북구,지에스칼텍스㈜ 화랑주유소,서울 성북구 화랑로 185,GS칼텍스,02-942-5152,N,1604,1564
서울,성북구,삼선주유소,서울 성북구 창경궁로 324,S-OIL,02-766-5105,Y,1635,1465
서울,성북구,지에스칼텍스㈜ 세창주유소,서울 성북구 동소문로 323,GS칼텍스,02-988-2491,Y,1714,1624
서울,송파구,한강에너지(주)퍼스트주유소,서울 송파구 삼학사로 22 (석촌동),SK에너지,02-422-2834,Y,1543,1454
서울,송파구,(주)신화에너지 서울지점,서울 송파구 가락로 47 (석촌동),SK에너지,02-2202-8484,Y,1543,1454
서울,송파구,상아주유소,서울 송파구 거마로 82,S-OIL,02-409-8251,Y,1563,1474
서울,송파구,위례제일주유소,서울 송파구 위례서로 260,S-OIL,02-408-9951,Y,1563,1474
서울,송파구,삼화주유소,서울 송파구 백제고분로 125,GS칼텍스,02-2203-2280,Y,1573,1485
서울,송파구,(주)삼표에너지 아시아주유소,서울 송파구 도곡로 438 (잠실동),GS칼텍스,02-416-1911,Y,1573,1495
서울,송파구,지에스칼텍스(주)가든파이브주유소,서울 송파구 탄천동로 740,GS칼텍스,02-409-5145,Y,1573,1484
서울,송파구,방이주유소,서울 송파구 위례성대로12길 38 (방이동),SK에너지,02-424-3051,N,1573,1483
서울,송파구,HD현대오일뱅크㈜직영 잠실셀프주유소,서울 송파구 송파대로 397 (석촌동),HD현대오일뱅크,02-417-7111,Y,1573,1483
서울,송파구,위례드림주유소,서울시 송파구  위례중앙로 10,S-OIL,02-404-5189,Y,1573,1484
서울,송파구,지에스칼텍스(주)스마트위례주유소,서울 송파구 위례중앙로 43 (장지동),GS칼텍스,02-409-5185,Y,1573,1484
서울,송파구,(유)호림플러스홀딩스 남성주유소,서울 송파구 백제고분로 474 (방이동),HD현대오일뱅크,02-423-5128,N,1573,1498
서울,송파구,대성주유소,서울 송파구 마천로 230 (마천동),SK에너지,02-431-1991,N,1578,1498
서울,송파구,백제고분로주유소,서울 송파구 오금로 143 (방이동),SK에너지,02-2202-4050,Y,1583,1513
서울,송파구,(주)유진주유소,서울 송파구 동남로 325 (오금동),SK에너지,02-406-3956,N,1583,1498
서울,송파구,지에스이앤알 직영 송파제일주유소,서울 송파구 삼학사로 50 (석촌동),HD현대오일뱅크,02-424-2900,Y,1593,1485
서울,송파구,(주)잠실에너지,서울 송파구 송파대로 442 (송파동),S-OIL,02-414-5010,Y,1595,1514
서울,송파구,(주)정직한주유소,서울 송파구 오금로 455 (거여동),HD현대오일뱅크,02-406-4634,Y,1597,1537
서울,송파구,대성석유(주)석촌주유소,서울 송파구 백제고분로 289,GS칼텍스,02-421-0051,N,1597,1527
서울,송파구,완불주유소,서울 송파구 송파대로 3 (장지동),SK에너지,02-3402-2900,Y,1598,1542
서울,송파구,제트라인DM주유소,서울 송파구 중대로 183 (가락동),HD현대오일뱅크,02-430-5151,N,1598,1528
서울,송파구,송파주유소,서울 송파구 송이로 28 (송파동),GS칼텍스,02-2203-3737,Y,1615,1545
서울,송파구,(주)삼표에너지 우리주유소,서울 송파구 동남로 153,GS칼텍스,02-3401-1588,Y,1617,1547
서울,송파구,(주)삼표에너지 훼미리주유소,서울 송파구 중대로 58 (문정동),GS칼텍스,02-448-9252,N,1627,1557
서울,송파구,(주)퍼스트오일서울주유소,서울 송파구 문정로 153,S-OIL,02-407-0708,N,1630,1580
서울,송파구,HD현대오일뱅크㈜직영 올림픽셀프주유소,서울 송파구 위례성대로 188 (오금동),HD현대오일뱅크,02-448-9804,Y,1648,1578
서울,송파구,대신석유(주)진양주유소,서울 송파구 올림픽로 499 (풍납동),SK에너지,02-477-1906,N,1838,1738
서울,양천구,양천구주유소,서울 양천구 국회대로 275 (목동),알뜰주유소,02-2644-5105,Y,1494,1419
서울,양천구,현대주유소,서울 양천구 남부순환로 372 (신월동),S-OIL,02-2608-9231,Y,1494,1419
서울,양천구,가로공원주유소,서울 양천구 가로공원로 165 (신월동),SK에너지,02-2695-3423,N,1494,1419
서울,양천구,플라트(주)서호주유소,서울 양천구 남부순환로 317,GS칼텍스,02-2602-5172,Y,1494,1419
서울,양천구,(주)타이거오일 신정주유소,서울 양천구 중앙로 226 (신정동),SK에너지,02-2646-6212,Y,1514,1444
서울,양천구,형산석유(주)원주유소,서울 양천구 남부순환로 408,HD현대오일뱅크,02-2690-5837,N,1515,1435
서울,양천구,개나리Self주유소,서울 양천구 남부순환로 442 (신월동),SK에너지,02-2606-5189,Y,1515,1435
서울,양천구,신월주유소,서울 양천구 신월로 193 (신월동),GS칼텍스,02-2603-5182,Y,1534,1454
서울,양천구,신정동주유소,서울 양천구 안양천로 663 (신정동),HD현대오일뱅크,02-2651-5189,Y,1539,1479
서울,양천구,HD현대오일뱅크㈜직영 남부순환셀프주유소,서울 양천구 남부순환로 553 (신월동),HD현대오일뱅크,02-2690-5001,Y,1539,1499
서울,양천구,현대오일뱅크(주)직영 양천셀프주유소,서울 양천구 목동로 17,HD현대오일뱅크,02-2644-5185,Y,1544,1495
서울,양천구,목동주유소,서울 양천구 목동중앙로 125 (목동),SK에너지,02-2645-5104,Y,1567,1492
서울,양천구,(주)삼표에너지 목동주유소,서울 양천구 목동서로 129 (목동),GS칼텍스,02-2654-5153,Y,1569,1494
서울,양천구,지에스이앤알 직영 서울주유소,서울 양천구 신정로 236 (신정동),GS칼텍스,02-2607-9478,Y,1569,1479
서울,양천구,현대오일뱅크㈜직영 목동셀프주유소,서울 양천구 공항대로 648 (목동),HD현대오일뱅크,02-2648-4204,Y,1569,1494
서울,양천구,현대오일뱅크(주)직영 양정주유소,서울 양천구 국회대로 158 (신정동),HD현대오일뱅크,02-2691-5185,N,1569,1494
서울,양천구,현대오일뱅크(주)직영 양천현대셀프주유소,서울 양천구 안양천로 1179 (목동),HD현대오일뱅크,02-2653-5189,Y,1569,1494
서울,양천구,지에스칼텍스㈜ 건지주유소,서울 양천구 안양천로 1171 (목동),GS칼텍스,02-2644-5108,Y,1569,1494
서울,양천구,SK에너지(주) 신평,서울 양천구 목동남로 62,SK에너지,02-2654-5145,N,1579,1514
서울,양천구,SK에너지(주) 경인주유소,서울 양천구 국회대로 170 (신정동),SK에너지,02-2693-4994,Y,1579,1514
서울,양천구,삼미상사(주)신월IC셀프주유소,서울 양천구 중앙로 331 (신월동),SK에너지,02-2694-4966,Y,1584,1479
서울,양천구,(주)서부트럭터미날,서울 양천구 신정로 167 (신정동),HD현대오일뱅크,02-2614-0047,N,1599,1499
서울,양천구,현대오일뱅크(주)직영 신목동셀프주유소,서울 양천구 목동동로10길 13,HD현대오일뱅크,02-2642-5188,Y,1649,1611
서울,양천구,신양주유소,서울 양천구 지양로 67,SK에너지,02-2608-3312,N,1669,1599
서울,강동구,재건에너지 재정제2주유소 고속셀프지점,서울특별시 강동구  천호대로 1246 (둔촌제2동),HD현대오일뱅크,02-487-2030,Y,1559,1469
서울,강동구,구천면주유소,서울 강동구 구천면로 357 (암사동),HD현대오일뱅크,02-441-0536,N,1584,1485
서울,강동구,대성석유(주)길동주유소,서울 강동구 천호대로 1168,GS칼텍스,02-474-7222,N,1616,1538
서울,강동구,(주)소모 신월주유소,서울 강동구 양재대로 1323 (성내동),GS칼텍스,02-6956-6674,Y,1616,1538
서울,강동구,(주)삼표에너지 고덕주유소,서울 강동구 고덕로 39 (암사동),GS칼텍스,02-441-3327,Y,1645,1565
서울,강동구,명일주유소,서울 강동구 고덕로 168 (명일동),SK에너지,02-3428-1739,Y,1665,1585
서울,강동구,방아다리주유소,서울 강동구 동남로 811 (명일동),SK에너지,02-442-5145,Y,1665,1575
서울,강동구,(주)소모 성내주유소,서울 강동구 올림픽로 578 (성내동),GS칼텍스,02-479-3838,Y,1688,1588
서울,강동구,(주)퍼스트오일 코알라주유소,서울특별시 강동구  올림픽로 556 (성내동),S-OIL,02-484-1162,Y,1690,1590
서울,강동구,주)지유에너지직영 오렌지주유소,서울 강동구 성안로 102 (성내동),SK에너지,02-484-6165,N,1694,1594
서울,강동구,지에스칼텍스㈜ 동서울주유소,서울 강동구 천호대로 1456 (상일동),GS칼텍스,02-426-5372,Y,1699,1639
서울,강동구,sk해뜨는주유소,서울 강동구  상일로 132 (강일동),SK에너지,02-442-7801,Y,1699,1609
서울,강동구,천호현대주유소,서울 강동구 천중로 67 (천호동),HD현대오일뱅크,02-484-9323,N,1843,1743
서울,강동구,광성주유소,서울 강동구 올림픽로 673 (천호동),S-OIL,02-470-5133,N,1968,1858
서울,영등포구,남서울고속주유소,서울 영등포구 가마산로 367 (대림동),SK에너지,02-843-5151,Y,1489,1414
서울,영등포구,영등포제일셀프주유소,서울 영등포구 가마산로 379,HD현대오일뱅크,02-847-5151,Y,1489,1414
서울,영등포구,지에스칼텍스㈜ 신길주유소,서울 영등포구 신길로 74 (신길동),GS칼텍스,02-833-1113,Y,1499,1429
서울,영등포구,행촌주유소,서울 영등포구 도신로 130 (신길동),SK에너지,070-7758-5189,Y,1515,1425
서울,영등포구,도림주유소,서울 영등포구 도림로 343 (도림동),알뜰주유소,02-835-8881,Y,1515,1425
서울,영등포구,(주)대청에너지 대청주유소,서울 영등포구 가마산로 328 (대림동),GS칼텍스,02-841-8780,Y,1515,1425
서울,영등포구,(주)강서오일,서울 영등포구 도신로 151,HD현대오일뱅크,02-832-1700,Y,1515,1425
서울,영등포구,영등포현대셀프주유소,서울 영등포구 경인로 822 (영등포동),HD현대오일뱅크,02-2678-0503,Y,1515,1425
서울,영등포구,성락주유소,서울 영등포구 가마산로 414 (신길동),S-OIL,02-842-6148,Y,1515,1425
서울,영등포구,(주)MS에너지,서울 영등포구 대림로 230,HD현대오일뱅크,02-844-5151,N,1525,1435
서울,영등포구,한경석유(주)경덕주유소,서울 영등포구 여의대방로23길 2 (신길동),SK에너지,02-843-3900,Y,1525,1435
서울,영등포구,매봉주유소,서울 영등포구 도신로 248 (신길동),HD현대오일뱅크,02-836-8851,Y,1545,1445
서울,영등포구,HD현대오일뱅크㈜직영 대일셀프주유소,서울 영등포구 영등포로 168,HD현대오일뱅크,02-2068-8700,Y,1573,1499
서울,영등포구,㈜지에스이앤알 모드니주유소,서울 영등포구 경인로 789,GS칼텍스,02-2637-7788,N,1575,1489
서울,영등포구,씨앤에스유통 한성주유소,서울 영등포구 여의대방로 227,S-OIL,02-849-5180,N,1575,1485
서울,영등포구,SK에너지(주) 신길동주유소,서울 영등포구 영등포로 348 (신길동),SK에너지,02-843-0481,N,1579,1489
서울,영등포구,지에스칼텍스㈜ 화일주유소,서울 영등포구 도림로 415,GS칼텍스,02-2633-5546,Y,1579,1499
서울,영등포구,(주)지에스이앤알 보라주유소,서울 영등포구 영등포로 399 (신길동),GS칼텍스,02-842-1155,N,1585,1489
서울,영등포구,(주)한미석유 제2한강주유소,서울 영등포구 선유로 260 (양평동4가),GS칼텍스,02-2633-2716,Y,1589,1519
서울,영등포구,SK에너지(주) 양평주유소,서울 영등포구 선유로 195 (양평동3가),SK에너지,02-2633-1013,Y,1589,1519
서울,영등포구,SK에너지(주) 기린주유소,서울 영등포구 선유로 270,SK에너지,02-2671-5182,Y,1599,1529
서울,영등포구,선유도주유소,서울 영등포구 양평로 141 (양평동5가),S-OIL,02-2671-5223,Y,1599,1534
서울,영등포구,국회대로주유소,서울 영등포구 국회대로 746 (여의도동),HD현대오일뱅크,02-761-5122,N,1975,1895
서울,영등포구,성원이앤에스(주)영등포지점,서울 영등포구 국회대로52길 9-13 (영등포동7가),GS칼텍스,02-2635-7781,N,1985,1923
서울,영등포구,버드나룻길주유소,서울 영등포구 버드나루로 111 (당산동),SK에너지,02-2634-5104,N,1995,1945
서울,영등포구,SK KH에너지 여의도주유소,서울 영등포구 국회대로 794 (여의도동),SK에너지,02-761-5101,N,2195,2189
서울,영등포구,SJ오일(주) 여의도주유소,서울 영등포구 은행로 64,GS칼텍스,02-785-8201,N,2295,2395
서울,용산구,HD현대오일뱅크㈜직영 한남동주유소,서울 용산구 한남대로 204 (한남동),HD현대오일뱅크,02-795-0802,N,1799,1699
서울,용산구,(주)영원 풍기주유소,서울 용산구 원효로 178 (원효로2가),GS칼텍스,02-719-2202,N,2020,1936
서울,용산구,(주)신태성주유소,서울 용산구 원효로 147 (원효로3가),SK에너지,02-701-9447,N,2042,1955
서울,용산구,HD현대오일뱅크㈜직영 갈월동주유소,서울특별시 용산구  한강대로 322 (남영동),HD현대오일뱅크,02-754-5217,N,2050,1922
서울,용산구,동자동주유소,서울 용산구 한강대로104길 6 (동자동),SK에너지,02-754-6667,N,2050,1922
서울,용산구,HD현대오일뱅크(주)직영 소월길주유소,서울 용산구 소월로 66 (후암동),HD현대오일뱅크,02-318-3314,N,2054,1921
서울,용산구,HD현대오일뱅크㈜직영 강변현대주유소,서울 용산구 원효로 9 (청암동),HD현대오일뱅크,02-712-7124,N,2054,1991
서울,용산구,(주)남경주유소,서울 용산구 녹사평대로11길 24,SK에너지,02-793-2954,N,2064,1959
서울,용산구,한석주유소,서울 용산구 이촌로 164,SK에너지,02-790-1020,N,2230,2153
서울,용산구,에너비스,서울 용산구 한남대로 82 (한남동),SK에너지,070-8707-4572,N,2267,2167
서울,용산구,한남지점,서울 용산구 한남대로21길 4 (한남동),SK에너지,070-8707-4586,N,2267,2167
서울,용산구,서계주유소,서울 용산구  청파로 367 (청파동),GS칼텍스,02-706-6485,N,2609,2729
서울,은평구,타이거주유소,서울 은평구 수색로 188 (증산동),SK에너지,02-309-9145,Y,1484,1434
서울,은평구,(주)디오티디 은평유니콘주유소,서울 은평구 통일로 1151 (진관동),HD현대오일뱅크,02-356-9051,N,1484,1384
서울,은평구,(주)명연에너지 수색훼미리주유소,서울 은평구 수색로 236 (수색동),HD현대오일뱅크,02-374-8770,Y,1485,1445
서울,은평구,지에스칼텍스(주)수색뉴타운주유소,서울 은평구 수색로 350 (수색동),GS칼텍스,02-309-5051,Y,1495,1445
서울,은평구,지에스칼텍스㈜ 신사제일주유소,서울 은평구 증산로 423 (신사동),GS칼텍스,02-308-4333,Y,1534,1494
서울,은평구,㈜오일닷컴 다회주유소,서울 은평구 증산로 441,S-OIL,02-375-5156,Y,1534,1494
서울,은평구,응암주유소,서울 은평구 응암로 163,HD현대오일뱅크,02-303-1448,Y,1534,1504
서울,은평구,불광주유소,서울 은평구 연서로 314 (불광동),HD현대오일뱅크,02-382-5149,Y,1538,1478
서울,은평구,지에스칼텍스㈜ 서부주유소,서울 은평구 응암로 210 (응암동),GS칼텍스,02-302-6041,Y,1544,1504
서울,은평구,대성산업㈜ 대성주유소,서울 은평구 통일로 642,GS칼텍스,02-355-3434,Y,1555,1478
서울,은평구,성원이앤에스(주)은평지점,서울 은평구 통일로 968 (진관동),GS칼텍스,02-352-4451,Y,1557,1497
서울,은평구,박석고개주유소,서울 은평구 통일로 945 (갈현동),SK에너지,02-388-0477,Y,1557,1497
서울,은평구,은평뉴타운주유소,서울 은평구 통일로 924 (불광동),SK에너지,02-355-0349,Y,1557,1497
서울,은평구,뉴타운셀프주유소,서울 은평구 통일로 1031,S-OIL,02-355-3055,Y,1595,1565
서울,은평구,코끼리주유소,서울 은평구 서오릉로 41 (녹번동),자가상표,02-384-4000,N,1653,1573
서울,종로구,HD현대오일뱅크㈜직영 재동주유소,서울 종로구 율곡로 58 (경운동),HD현대오일뱅크,02-732-3968,Y,1554,1489
서울,종로구,㈜지에스이앤알 평창주유소,서울 종로구 평창문화로 135 (평창동),HD현대오일뱅크,02-391-5185,Y,1694,1655
서울,종로구,자하문주유소,서울 종로구 자하문로 248 (부암동),SK에너지,02-396-5252,Y,1699,1669
서울,종로구,안풍주유소,서울 종로구 자하문로 303,S-OIL,02-396-5151,N,1699,1669
서울,종로구,구도일주유소특종,서울 종로구 평창문화로 90 (평창동),S-OIL,02-379-6524,N,1730,1660
서울,종로구,SK북악주유소,서울 종로구 평창문화로 137,SK에너지,02-395-6500,N,2198,2098
서울,종로구,(주)중앙에너비스 혜화주유소,서울 종로구 창경궁로35길 1,SK에너지,070-8707-4564,N,2267,2167
서울,종로구,경복궁주유소,서울 종로구 율곡로 6 (중학동),GS칼텍스,02-6016-6981,N,2280,2180
서울,종로구,(주)대양씨앤씨 사직주유소,서울 종로구 사직로 65 (사직동),GS칼텍스,02-735-4858,N,2290,2190
서울,중구,다산주유소,서울 중구 다산로 233,S-OIL,02-2252-2210,Y,1564,1464
서울,중구,약수주유소,서울 중구 다산로 173,SK에너지,02-2252-3345,Y,1579,1479
서울,중구,세화주유소,서울 중구 왕십리로 403,알뜰주유소,02-2234-3451,N,1618,1538
서울,중구,장충드림주유소,서울 중구 동호로 296,S-OIL,02-2275-5150,Y,1695,1595
서울,중구,HD현대오일뱅크㈜직영 장원주유소,서울 중구 동호로 203 (신당동),HD현대오일뱅크,02-2236-2759,N,1768,1668
서울,중구,SK에너지(주) 퇴계로주유소,서울 중구 퇴계로 228 (필동2가),SK에너지,02-2273-5189,N,1894,1894
서울,중구,장충주유소,서울 중구 장충단로 202 (장충동1가),SK에너지,02-2279-9965,N,1968,1939
서울,중구,신당동주유소,서울 중구 다산로 242 (신당동),SK에너지,02-2252-6688,N,1998,1948
서울,중구,필동주유소,서울 중구 퇴계로 196 (필동2가),GS칼텍스,02-2267-8025,N,2399,2319
서울,중구,서남주유소,서울 중구 통일로 30,SK에너지,02-752-9475,N,2611,2528
서울,중랑구,대원주유소,서울 중랑구 동일로 600,GS칼텍스,02-438-6111,Y,1497,1407
서울,중랑구,면목SELF주유소,서울 중랑구 동일로 627 (면목동),SK에너지,02-437-4072,Y,1497,1407
서울,중랑구,(주)자연에너지 대창주유소,서울 중랑구 동일로 636 (면목동),HD현대오일뱅크,02-434-1448,Y,1497,1407
서울,중랑구,구도일주유소 동천,서울 중랑구 동일로 654 (면목동),S-OIL,02-495-0081,Y,1517,1427
서울,중랑구,대양주유소,서울 중랑구 봉우재로 105 (상봉동),GS칼텍스,02-437-5457,Y,1517,1427
서울,중랑구,우림주유소,서울 중랑구 용마산로 487 (망우제3동),GS칼텍스,02-433-9990,Y,1527,1428
서울,중랑구,오천만주유소,서울 중랑구 동일로 547 (면목동),S-OIL,070-7797-7474,Y,1527,1437
서울,중랑구,(주)태영 구도일주유소 한인,서울 중랑구 망우로 170 (상봉동),S-OIL,02-438-5151,Y,1547,1457
서울,중랑구,(주)기지에너지,서울 중랑구 용마산로 716 (신내동),S-OIL,02-2207-9419,N,1549,1469
서울,중랑구,신내주유소,서울 중랑구 용마산로 705 (신내동),SK에너지,02-2207-0523,Y,1563,1482
서울,중랑구,용마로주유소,서울 중랑구 용마산로 309 (면목동),SK에너지,02-439-3037,Y,1588,1488
서울,중랑구,범아주유소,서울 중랑구 동일로 881 (묵동),S-OIL,02-974-8356,N,1588,1498
서울,중랑구,신일셀프주유소,서울 중랑구 상봉로 58 (망우동),SK에너지,02-436-3651,Y,1598,1498
부산,강서구,(주)풍경에너지,부산 강서구 낙동남로 432,SK에너지,051-971-9688,N,1465,1349
부산,강서구,부산축산업협동조합 농협주유소,부산광역시 강서구  낙동남로 448 (녹산동),NH-OIL,051-973-8141,N,1469,1359
부산,강서구,은마석유(주)신호주유소,부산 강서구  낙동남로 514 (화전동),HD현대오일뱅크,051-971-6331,Y,1469,1369
부산,강서구,우리2주유소,부산 강서구 낙동북로 142 (강동동),알뜰주유소,051-971-5585,Y,1485,1385
부산,강서구,은마석유 경기장주유소,부산 강서구 낙동북로 364 (대저1동),GS칼텍스,051-971-7956,Y,1485,1385
부산,강서구,공항대로주유소,부산 강서구 공항로 1217 (대저1동),알뜰주유소,051-973-8122,Y,1485,1385
부산,강서구,(주)우양네트웍스 구도일주유소 삼광,부산 강서구 공항로 799 (대저2동),S-OIL,051-941-5188,Y,1495,1399
부산,강서구,은마석유(주)직영 강서주유소,부산 강서구 공항로 483,HD현대오일뱅크,051-973-5104,Y,1498,1388
부산,강서구,대경산업(주) 구랑주유소,부산 강서구 가락대로 546 (구랑동),GS칼텍스,051-972-1571,Y,1498,1398
부산,강서구,(주)시큐 국제산단주유소,부산 강서구 생곡로 272,GS칼텍스,051-714-2208,Y,1498,1388
부산,강서구,세기상사(주) 공항주유소,부산 강서구 공항로 469 (대저2동),S-OIL,051-941-7237,N,1498,1388
부산,강서구,(주)경인에너지,부산 강서구 생곡로 40 (녹산동),S-OIL,051-971-5013,N,1498,1388
부산,강서구,(주)우양네트웍스 송산주유소,부산 강서구 호계로 200 (죽동동),S-OIL,051-973-7583,Y,1499,1399
부산,강서구,맥도주유소,부산 강서구 공항로 381 (대저2동),GS칼텍스,051-973-5735,Y,1508,1398
부산,강서구,김해공항주유소,부산 강서구 공항진입로 25 (대저2동),GS칼텍스,051-973-8291,Y,1509,1399
부산,강서구,비케이원(주) 미래드림주유소,부산 강서구 가락대로 649,HD현대오일뱅크,051-974-0808,Y,1509,1399
부산,강서구,부산신항주유소,부산 강서구 가락대로 706,HD현대오일뱅크,051-971-5104,Y,1509,1399
부산,강서구,(주)만은에너지 대사리주유소,부산 강서구 낙동북로 65 (강동동),GS칼텍스,051-973-5999,Y,1518,1408
부산,강서구,제일주유소,부산 강서구 가락대로 1417,GS칼텍스,051-971-2727,N,1518,1418
부산,강서구,서부산주유소(순천방향),부산광역시 강서구 남해2지선고속도로 19,SK에너지,051-941-5155,Y,1518,1438
부산,강서구,오봉주유소,부산 강서구 호계로 1 (죽림동),SK에너지,051-972-5177,N,1518,1418
부산,강서구,신항만주유소,부산 강서구 가락대로1243번길 68,HD현대오일뱅크,051-973-0935,Y,1519,1399
부산,강서구,신항만에너지,부산 강서구 낙동남로 501 (녹산동),S-OIL,051-973-7622,Y,1519,1389
부산,강서구,CJ 성민제2주유소,부산 강서구 봉림길94번길 89(봉림동),S-OIL,051-974-0911,Y,1519,1399
부산,강서구,SK에너지(주)새부산주유소,부산 강서구 낙동북로 42 (강동동),SK에너지,051-971-8484,Y,1528,1428
부산,강서구,이왕주유소,부산 강서구 공항로 1423 (대저1동),HD현대오일뱅크,051-972-9007,Y,1528,1398
부산,강서구,금룡주유소,부산 강서구 가락대로 1361 (봉림동),S-OIL,051-972-6081,N,1528,1438
부산,강서구,CJ대한통운㈜ 성민주유소,부산 강서구 가락대로 389 (송정동),S-OIL,051-832-1611,N,1529,1399
부산,강서구,우리들주유소,부산 강서구 낙동남로 667 (녹산동),GS칼텍스,051-941-5145,Y,1535,1415
부산,강서구,(주)소모 과학셀프주유소,부산 강서구 과학산단로 297 (지사동),GS칼텍스,051-973-5153,Y,1539,1429
부산,강서구,명지농협주유소,부산 강서구 르노삼성대로 572 (명지동),NH-OIL,051-294-8528,Y,1539,1409
부산,강서구,지에스칼텍스㈜ 동성셀프주유소,부산 강서구 명지국제8로 272,GS칼텍스,051-292-0895,Y,1539,1429
부산,강서구,OS신항주유소,부산 강서구 가락대로 845,GS칼텍스,051-972-6560,Y,1539,1399
부산,강서구,(주)범방주유소,부산 강서구 가락대로 963,SK에너지,051-971-3337,Y,1539,1384
부산,강서구,대양석유(주)한마음주유소,부산 강서구 르노삼성대로 604 (명지동),SK에너지,051-271-2452,Y,1539,1429
부산,강서구,유성주유소,부산 강서구 생곡로 337 (생곡동),S-OIL,051-973-8852,Y,1548,1438
부산,강서구,동방석유㈜직영 대저주유소,부산 강서구 낙동북로 209 (대저1동),SK에너지,051-971-2135,Y,1548,1438
부산,강서구,평강주유소,부산 강서구 평강로 309 (대저1동),SK에너지,051-971-4411,Y,1548,1428
부산,강서구,명품주유소,부산 강서구 대저로 283 (대저1동),HD현대오일뱅크,051-941-0052,N,1558,1458
부산,강서구,(주)젤코바에너지,부산 강서구 낙동남로 700,S-OIL,051-832-7560,N,1559,1389
부산,강서구,홈123에너지,부산 강서구 낙동남로 127 (송정동),S-OIL,051-971-9441,N,1569,1398
부산,강서구,(주)시큐 대저고속주유소,부산 강서구 체육공원로 66 (대저1동),GS칼텍스,051-941-5151,N,1569,1385
부산,강서구,(주)DJS신항만물류단지주유소,부산 강서구 가락대로 834 (범방동),S-OIL,051-831-9208,Y,1578,1448
부산,강서구,대양산업(주)대양가덕주유소,부산 강서구 거가대로 2571  (천성동),GS칼텍스,051-715-2201,Y,1597,1497
부산,강서구,(주)서호주유소,부산 강서구 명지국제2로28번길 36,S-OIL,051-206-6661,Y,1598,1498
부산,강서구,녹산화물터미널주유소,부산 강서구 녹산산업북로 119 (송정동),GS칼텍스,051-941-3015,N,1625,1498
부산,강서구,명지주유소,부산 강서구 낙동남로 1042,SK에너지,051-271-2828,N,1628,1548
부산,강서구,내트럭(주) 부산신항남컨사업소,부산 강서구 신항남로 507,SK에너지,070-4454-9235,N,1629,1459
부산,강서구,만선주유소,부산 강서구 가락대로210번길 102,HD현대오일뱅크,051-831-9171,N,1638,1498
부산,강서구,SK에너지(주) 경마장주유소,부산 강서구 가락대로 1027,SK에너지,051-971-5188,Y,1684,1399
부산,강서구,광신석유(주)직영 명지주유소,부산 강서구 르노삼성대로 372 (명지동),SK에너지,051-271-4405,Y,1859,1859
부산,금정구,한솔유화㈜금사점 한길주유소,부산 금정구 반송로 420 (금사동),HD현대오일뱅크,051-524-6642,Y,1478,1389
부산,금정구,훼미리알뜰주유소,부산 금정구 두실로 2,알뜰주유소,051-582-5882,Y,1497,1397
부산,금정구,금두꺼비주유소,부산광역시 금정구  부곡로 67 (부곡동),알뜰주유소,051-583-6433,Y,1499,1399
부산,금정구,청룡명품주유소,부산 금정구 중앙대로 2130,HD현대오일뱅크,051-508-5150,N,1517,1417
부산,금정구,금샘로주유소,부산 금정구 금샘로 460 (남산동),SK에너지,051-517-0220,Y,1519,1419
부산,금정구,금강주유소,부산 금정구 중앙대로 1972,SK에너지,051-581-8551,N,1529,1429
부산,금정구,신화주유소,부산 금정구 금강로 721,HD현대오일뱅크,051-515-1997,Y,1538,1438
부산,금정구,금정산주유소,부산 금정구 금샘로 399 (구서동),SK에너지,051-517-5472,N,1547,1447
부산,금정구,동진주유소,"부산 금정구 금정로 216,  (구서동)",SK에너지,051-515-5007,Y,1559,1459
부산,금정구,지에스칼텍스(주)신창주유소,부산 금정구 중앙대로 1698 (부곡동),GS칼텍스,051-581-1212,Y,1579,1499
부산,금정구,동양주유소,부산 금정구  반송로 391 (서동),HD현대오일뱅크,051-523-1214,Y,1588,1498
부산,금정구,거북이주유소(SK),부산 금정구 중앙대로 1672 (부곡동),SK에너지,051-516-5151,Y,1589,1499
부산,금정구,한솔유화㈜직영 한길주유소,부산 금정구 중앙대로1646,HD현대오일뱅크,051-581-0875,N,1589,1499
부산,금정구,HD현대오일뱅크㈜직영 금정셀프주유소,부산 금정구 중앙대로 1664 (부곡동),HD현대오일뱅크,051-583-8951,Y,1589,1499
부산,금정구,남산주유소,부산 금정구 중앙대로 2044 (남산동),S-OIL,051-517-5149,Y,1598,1498
부산,금정구,지에스칼텍스(주)영풍주유소,부산 금정구 중앙대로 1782 (부곡동),GS칼텍스,051-512-3301,Y,1599,1529
부산,금정구,에이원주유소,부산 금정구 반송로 364 (서동),SK에너지,051-532-5157,Y,1612,1388
부산,금정구,식물원주유소,부산 금정구 금샘로 21 (장전동),S-OIL,051-515-5189,N,1619,1519
부산,금정구,새석대주유소,부산 금정구 반송로 463 (금사동),S-OIL,051-527-5142,N,1637,1537
부산,금정구,석2주유소,부산 금정구 식물원로 21 (장전동),GS칼텍스,051-581-1370,N,1639,1539
부산,기장군,기장대로 셀프주유소 와이케이에너지㈜,부산 기장군 기장읍 기장대로 343,GS칼텍스,051-723-5189,Y,1479,1379
부산,기장군,내리주유소,부산 기장군 기장읍 기장대로 84,HD현대오일뱅크,051-722-7363,Y,1479,1384
부산,기장군,부경셀프주유소,부산 기장군 기장읍 반송로 1407,SK에너지,051-721-5181,Y,1485,1385
부산,기장군,기장IC주유소,부산 기장군 일광면 기장대로 670,SK에너지,051-724-4841,Y,1485,1385
부산,기장군,삼성셀프주유소,부산 기장군 일광면 기장대로 677,S-OIL,051-722-5160,Y,1485,1385
부산,기장군,공단신도시주유소,부산 기장군 정관면 정관로 835,HD현대오일뱅크,051-728-4686,Y,1488,1428
부산,기장군,월드주유소,부산 기장군 기장읍 반송로 1559,자가상표,051-723-3461,Y,1492,1598
부산,기장군,월드컵주유소,부산 기장군 일광면 기장대로 1230,알뜰주유소,051-727-1212,Y,1493,1395
부산,기장군,선암주유소,부산 기장군 장안읍 기장대로 1453,알뜰주유소,051-727-1212,Y,1495,1412
부산,기장군,(주)동광주유소,부산 기장군 기장읍 차성로 241,HD현대오일뱅크,051-722-4451,Y,1495,1395
부산,기장군,백운1주유소,부산 기장군 정관면 정관로 779,GS칼텍스,051-728-4433,Y,1498,1418
부산,기장군,정관신도시주유소/충전소,부산 기장군 정관면 정관로 901,SK에너지,051-727-6228,Y,1498,1418
부산,기장군,은마석유(주) 대영주유소,부산 기장군 정관면 정관로 249,GS칼텍스,051-728-5133,Y,1498,1398
부산,기장군,기분조은주유소,부산 기장군 정관면 정관로 787,SK에너지,051-728-5166,Y,1498,1418
부산,기장군,하영주유소,부산 기장군 기장읍 반송로 1517,GS칼텍스,051-722-3370,Y,1499,1399
부산,기장군,삼거리주유소,부산 기장군 기장읍 반송로 1653,HD현대오일뱅크,051-721-8411,N,1499,1399
부산,기장군,신아시아드주유소,부산광역시 기장군 일광면 기장대로 996,GS칼텍스,051-722-8702,N,1507,1437
부산,기장군,의학원self주유소,부산 기장군 장안읍 좌동길 47,SK에너지,051-728-1212,Y,1508,1415
부산,기장군,동부산농협클린주유소,부산 기장군 일광면 기장대로 1037,NH-OIL,051-724-5181,Y,1508,1408
부산,기장군,뉴장안IC주유소,부산 기장군 장안읍 좌동길 45,S-OIL,051-728-3838,Y,1508,1418
부산,기장군,용문주유소,부산 기장군 일광면 기장대로 710,HD현대오일뱅크,051-722-5594,Y,1509,1409
부산,기장군,국제주유소,부산 기장군 일광면 기장대로 1291,S-OIL,051-727-8875,Y,1509,1419
부산,기장군,동양주유소/기장충전소,부산 기장군 기장읍 기장대로 530,HD현대오일뱅크,051-723-0202,Y,1509,1399
부산,기장군,(주)장안가스충전소/주유소,부산 기장군 장안읍 기장대로 1673,GS칼텍스,051-728-8686,Y,1517,1427
부산,기장군,(주)천일에너지 천일주유소,부산 기장군 신정관로 183,HD현대오일뱅크,051-728-7866,Y,1518,1418
부산,기장군,장안IC(하)주유소,부산 기장군 장안읍 기장대로 1615,SK에너지,051-728-5189,N,1518,1438
부산,기장군,달음산주유소,부산 기장군 장안읍 정관로 1115,GS칼텍스,051-727-5177,Y,1518,1418
부산,기장군,장안IC(상)주유소,부산 기장군 장안읍 기장대로 1586,SK에너지,051-728-6161,Y,1518,1438
부산,기장군,㈜첼시주유소,부산 기장군 장안읍 정관로 1148,HD현대오일뱅크,051-727-7473,Y,1518,1418
부산,기장군,(주)동남주유소,부산 기장군 철마면 반송로 983,GS칼텍스,051-722-9900,Y,1519,1429
부산,기장군,창암주유소,부산 기장군 정관면 신정관로 188,S-OIL,051-727-3332,Y,1525,1415
부산,기장군,세방주유소,부산 기장군 일광면 기장대로 1195,HD현대오일뱅크,051-727-0016,N,1528,1448
부산,기장군,오성주유소,부산 기장군 일광면 일광로 722,HD현대오일뱅크,051-728-8851,N,1528,1428
부산,기장군,(주)푸른숲self주유소,부산 기장군 장안읍 기장대로 1751,SK에너지,051-727-8213,Y,1538,1468
부산,기장군,명례주유소,부산 기장군 장안읍 기장대로 2217,HD현대오일뱅크,051-727-5120,N,1538,1448
부산,기장군,안평주유소,부산 기장군 철마면 반송로 1300,S-OIL,051-722-7979,N,1538,1438
부산,기장군,태양주유소,부산 기장군 기장읍 대변로 13,GS칼텍스,051-724-5189,N,1557,1497
부산,기장군,장안주유소(울산방향),부산 기장군 장안읍 동해고속도로 26,SK에너지,051-728-5157,N,1563,1473
부산,기장군,장안주유소(부산방향),부산 기장군 장안읍 동해고속도로 25,SK에너지,051-727-7300,N,1563,1473
부산,기장군,솔밭주유소,부산 기장군 장안읍 하근3길 8,SK에너지,051-727-7277,Y,1565,1460
부산,기장군,공단주유소,부산 기장군 정관면 정관로 833,HD현대오일뱅크,051-727-1334,N,1568,1468
부산,기장군,(주)SK정관주유소,부산 기장군 정관면 정관덕산길 21,SK에너지,051-728-5083,Y,1599,1549
부산,기장군,기장수협주유소,부산 기장군 기장읍 기장해안로 426,SK에너지,051-721-1813,N,1669,1669
부산,남구,성지셀프주유소,부산 남구 유엔로 42 (우암동),SK에너지,051-636-0051,Y,1508,1398
부산,남구,은마석유주식회사,부산 남구 신선로 351 (용당동),GS칼텍스,051-628-4323,Y,1509,1398
부산,남구,우암로셀프주유소,부산 남구 우암로 232 (우암동),HD현대오일뱅크,051-643-5363,Y,1509,1399
부산,남구,(주)대호석유 용당CY주유소,부산 남구 신선로 392 (용당동),GS칼텍스,051-622-5121,Y,1509,1399
부산,남구,금강석유(주) 영웅주유소,부산 남구 황령대로 346 (대연동),HD현대오일뱅크,051-627-0180,Y,1509,1399
부산,남구,(주)문화주유소,부산 남구 유엔로 155,GS칼텍스,051-621-2416,Y,1509,1399
부산,남구,팔성셀프주유소,부산 남구 유엔로 138,HD현대오일뱅크,051-622-9985,Y,1509,1399
부산,남구,(주)세일 부산항주유소,부산 남구 신선로 387 (용당동),S-OIL,051-623-5189,Y,1509,1398
부산,남구,사랑드림주유소,부산 남구 황령대로 343,S-OIL,051-612-0529,Y,1509,1399
부산,남구,대일주유소,부산 남구 황령대로 401-2 (대연동),GS칼텍스,051-627-0727,Y,1509,1399
부산,남구,우암주유소,부산 남구 우암로 204,GS칼텍스,051-644-0142,Y,1509,1399
부산,남구,광신리소스㈜ 직영 광안대교주유소,부산 남구 유엔로 202,SK에너지,051-625-1140,Y,1509,1399
부산,남구,한솔유화(주)용당점 한길주유소,부산 남구 신선로 252,HD현대오일뱅크,051-621-5154,N,1509,1398
부산,남구,북항대교주유소,부산 남구  신선로 316 (용당동),S-OIL,051-628-5152,Y,1509,1399
부산,남구,(주)경인석유,부산 남구 신선로 448 (용당동),SK에너지,051-626-2426,Y,1525,1425
부산,남구,반도주유소,부산 남구 신선로 442 (용당동),S-OIL,051-626-6828,Y,1527,1427
부산,남구,동명주유소,부산 남구 남구 전포대로 7,S-OIL,051-646-4390,N,1528,1418
부산,남구,매일주유소,부산 남구 수영로 22 (문현동),알뜰주유소,051-646-5182,Y,1528,1418
부산,남구,삼화주유소,부산 남구 우암로 92 (감만동),알뜰주유소,051-646-1620,N,1529,1429
부산,남구,분포셀프주유소,부산 남구 용호로 116 (용호동),SK에너지,051-627-5151,Y,1535,1435
부산,남구,지에스칼텍스㈜ 비치주유소,부산 남구 용호로 60 (용호동),GS칼텍스,051-625-5151,Y,1539,1434
부산,남구,구도일주유소용호,부산 남구 용호로 172 (용호동),S-OIL,051-611-5191,N,1539,1449
부산,남구,문현주유소,부산 남구 우암로 374 (문현동),HD현대오일뱅크,051-635-5103,Y,1559,1459
부산,남구,내트럭(주)부산용당,부산 남구 신선로 261,SK에너지,051-931-8001,N,1569,1469
부산,남구,내트럭(주)부산사업소,부산 남구 신선로 168,SK에너지,051-638-3971,N,1569,1469
부산,남구,금융단지주유소,부산 남구 황령대로98번길 75 (문현동),HD현대오일뱅크,051-633-5117,N,1578,1478
부산,남구,지에스칼텍스㈜ 대연주유소,부산 남구 수영로 288,GS칼텍스,051-624-2552,Y,1584,1484
부산,남구,인터지스(주)인터지스주유소,부산 남구 신선로 173 (감만동),HD현대오일뱅크,051-611-7611,N,1679,1579
부산,남구,대성주유소,부산광역시 남구 문현로 67 (문현동),HD현대오일뱅크,051-634-0668,N,1699,1599
서울,강북구,SK에너지(주) 매일주유소,서울 강북구 삼양로 217 (미아동),SK에너지,02-982-8855,Y,1499,1425
서울,강북구,북서울고속주유소,서울 강북구 삼양로 410 (수유동),SK에너지,02-907-5182,Y,1499,1424
서울,강북구,수유동주유소,서울 강북구 도봉로 395 (수유동),GS칼텍스,02-902-9470,Y,1499,1424
서울,강북구,(주)서울에너지 시민주유소,서울 강북구 인수봉로 185 (수유동),HD현대오일뱅크,02-907-9496,Y,1499,1424
서울,강북구,(주)석산에너지,서울 강북구 삼양로 316 (수유동),HD현대오일뱅크,02-980-1448,Y,1499,1424
서울,강북구,에덴주유소,서울 강북구 월계로 195 (번동),SK에너지,02-987-8182,Y,1505,1415
서울,강북구,덕릉로주유소,서울 강북구 덕릉로 158 (번동),S-OIL,02-989-9806,Y,1515,1424
서울,강북구,대성석유(주)신광주유소,서울 강북구 삼양로 484,GS칼텍스,02-908-3320,N,1529,1449
서울,강북구,씨앤에스유통㈜ 미아셀프주유소,서울 강북구 도봉로 200 (미아동),S-OIL,02-945-7999,Y,1545,1455
서울,강북구,㈜지에스이앤알 미아주유소,서울 강북구 도봉로 122 (미아동),GS칼텍스,02-987-5152,Y,1565,1475
서울,강북구,세원주유소,서울 강북구 한천로 918 (번동),SK에너지,02-907-6890,Y,1568,1488
서울,강북구,HD현대오일뱅크㈜직영 번동셀프주유소,서울 강북구 한천로 963 (번동),HD현대오일뱅크,02-992-3331,Y,1577,1497
부산,동구,(주)대양씨앤씨직영주유소,부산 동구 성남로 74 (범일동),GS칼텍스,051-646-5563,Y,1508,1398
부산,동구,CJ대한통운㈜ 부산주유소,부산 동구 충장대로 305 (좌천동),GS칼텍스,051-719-5143,Y,1508,1398
부산,동구,구도일주유소 부산진,부산 동구 중앙대로 414 (좌천동),S-OIL,051-644-6200,Y,1525,1395
부산,동구,지에스칼텍스㈜ 해안주유소,부산 동구 충장대로 121,GS칼텍스,051-469-3879,Y,1525,1419
부산,동구,부산벙커앤오일 청구주유소,부산 동구 충장대로 281 (좌천동),SK에너지,051-635-9698,Y,1525,1405
부산,동구,대양대박주유소,부산 동구 성남로 42 (좌천동),GS칼텍스,051-634-5252,N,1528,1428
부산,동구,동방석유(주)초량주유소,부산 동구  중앙대로 302 (초량동),SK에너지,051-469-5181,Y,1535,1435
부산,동구,동구SK주유소,부산 동구 중앙대로 352 (초량동),SK에너지,051-715-9338,Y,1535,1435
부산,동구,동방석유(주)형제주유소,부산광역시 동구  자성로 127 (범일2동),SK에너지,051-646-5471,Y,1598,1498
부산,동구,㈜삼현석유 천일주유소,부산 동구 중앙대로 168 (초량동),S-OIL,051-466-1001,N,1998,1598
부산,동래구,광신석유(주)직영 충렬대로주유소,부산 동래구 충렬대로 95,SK에너지,051-555-3258,Y,1473,1389
부산,동래구,한창주유소,부산 동래구 우장춘로 56,HD현대오일뱅크,051-583-5151,Y,1473,1389
부산,동래구,한솔유화㈜교대점 한길주유소,부산 동래구 여고로 131 (사직동),HD현대오일뱅크,051-504-0636,Y,1473,1389
부산,동래구,명장주유소,부산 동래구 반송로 303 (명장동),알뜰주유소,051-522-3355,Y,1478,1389
부산,동래구,(주)삼보명진주유소,부산 동래구 충렬대로 51 (온천동),GS칼텍스,051-553-3000,Y,1478,1390
부산,동래구,동방석유(주)푸른주유소,부산 동래구 충렬대로 121 (온천동),SK에너지,051-555-3827,Y,1483,1380
부산,동래구,지에스칼텍스(주)동호주유소,부산 동래구 반송로 245 (안락동),GS칼텍스,051-526-9967,Y,1488,1403
부산,동래구,(주)대원에너지 대원주유소,부산 동래구 충렬대로 460  (안락동),S-OIL,051-852-6492,Y,1508,1408
부산,동래구,대일주유소,부산 동래구 충렬대로 124 (온천동),알뜰주유소,051-502-1155,Y,1508,1403
부산,동래구,신세계주유소,부산 동래구 충렬대로 500 (안락동),알뜰주유소,051-528-0600,N,1518,1418
부산,동래구,보강주유소,부산 동래구  충렬대로 400 (안락동),HD현대오일뱅크,051-531-2535,Y,1518,1418
부산,동래구,대경주유소,부산 동래구 반송로 185 (안락동),HD현대오일뱅크,051-555-1177,N,1538,1437
부산,동래구,온천주유소,부산 동래구 명륜로 2,GS칼텍스,051-558-2250,Y,1538,1438
부산,동래구,지에스칼텍스㈜ 태양주유소,부산 동래구 충렬대로 440 (안락제2동),GS칼텍스,051-526-0107,Y,1554,1469
부산,동래구,한양주유소,부산 동래구  충렬대로 300 (낙민동),SK에너지,051-554-3363,N,1566,1496
부산,동래구,대원주유소,부산 동래구 미남로 38,S-OIL,051-502-0733,Y,1568,1478
부산,동래구,안락교차로주유소,부산 동래구 충렬대로 330 (안락동),GS칼텍스,051-552-6262,N,1568,1478
부산,동래구,충렬주유소,부산 동래구 충렬대로 463,S-OIL,051-522-0569,Y,1568,1478
부산,부산진구,항도주유소,부산 부산진구 신암로 14 (범천동),GS칼텍스,051-632-5189,Y,1475,1375
부산,부산진구,(주)우양네트웍스 하마정주유소,부산 부산진구 동평로 398,S-OIL,051-861-5104,Y,1493,1395
부산,부산진구,영우에너지 부전주유소,부산 부산진구 신천대로 132,S-OIL,051-802-5593,Y,1493,1393
부산,부산진구,대양주유소,부산 부산진구 새싹로 61-1 (부암동),알뜰주유소,051-818-6161,Y,1493,1393
부산,부산진구,(주)태화주유소,부산 부산진구 가야대로 402,SK에너지,051-896-6147,Y,1494,1394
부산,부산진구,스마일주유소,부산 부산진구 동평로 49,알뜰주유소,051-939-2022,Y,1498,1398
부산,부산진구,광신석유(주)직영 양정주유소,부산 부산진구 동평로 361 (양정동),SK에너지,051-862-7063,Y,1498,1399
부산,부산진구,(주)주공에너지,부산 부산진구 백양대로 231,알뜰주유소,051-898-0809,Y,1499,1399
부산,부산진구,남부산고속주유소,부산 부산진구 거제대로 84 (양정동),S-OIL,051-867-2231,Y,1509,1399
부산,부산진구,가야주유소,부산 부산진구 가야대로552번길 39,SK에너지,051-896-6300,Y,1509,1409
부산,부산진구,명품주유소 당감점,부산 부산진구 백양대로 78 (당감동),HD현대오일뱅크,051-891-1881,Y,1509,1399
부산,부산진구,백양주유소,부산 부산진구  백양대로 234 (개금동),SK에너지,051-894-6622,N,1512,1418
부산,부산진구,진성주유소,부산 부산진구 백양대로 242,S-OIL,051-896-4500,Y,1513,1418
부산,부산진구,SK에너지(주) 연지오토self,부산 부산진구 동평로 239 (연지동),SK에너지,051-805-9285,Y,1539,1479
부산,부산진구,대흥주유소,부산 부산진구 동평로 21,S-OIL,051-898-5151,Y,1546,1456
부산,부산진구,동방석유(주)황령산주유소,부산 부산진구 황령대로 66 (전포동),SK에너지,051-803-5151,Y,1559,1459
부산,부산진구,지에스칼텍스㈜ 성지주유소,부산 부산진구 동평로 289 (연지동),GS칼텍스,051-806-0466,Y,1559,1459
부산,부산진구,럭키주유소,부산 부산진구 새싹로 230 (초읍동),SK에너지,051-808-5113,Y,1598,1548
부산,부산진구,동방석유(주)sk전포주유소,부산 부산진구 동천로 10 (전포동),SK에너지,051-804-5152,Y,1599,1469
부산,부산진구,한일주유소,부산 부산진구 백양순환로110번길 19 (부암동),SK에너지,051-809-1542,Y,1679,1599
부산,부산진구,케이제이주유소,부산 부산진구 전포대로176번길 5,S-OIL,051-809-5145,Y,1698,1598
부산,부산진구,대명주유소,부산 부산진구 가야대로 523 (가야동),S-OIL,051-896-5105,Y,1728,1638
부산,부산진구,서영주유소,부산 부산진구 범일로 184 (범천동),SK에너지,051-644-7053,N,1748,1698
부산,북구,광신석유(주)직영 백양대로주유소,부산 북구 백양대로 995 (구포동),SK에너지,051-337-3100,Y,1475,1375
부산,북구,경덕주유소,부산 북구 시랑로 58 (구포동),알뜰주유소,051-343-2121,Y,1485,1398
부산,북구,금곡대로주유소,부산 북구 금곡대로 712 (금곡동),GS칼텍스,051-365-4830,Y,1499,1389
부산,북구,만복드림주유소,부산 북구 만덕대로 170,S-OIL,051-343-5155,Y,1509,1399
부산,북구,지에스칼텍스(주)구포셀프주유소,부산 북구 사상로 619 (구포동),GS칼텍스,051-338-5189,Y,1509,1384
부산,북구,(주)세일 금곡주유소,부산 북구 금곡대로 604 (금곡동),S-OIL,051-334-7771,Y,1509,1399
부산,북구,(주)삼보부림SELF주유소,부산 북구 만덕대로 343 (만덕동),GS칼텍스,051-338-5156,Y,1509,1399
부산,북구,삼보주유소/충전소,부산 북구 만덕대로 331 (만덕동),GS칼텍스,051-336-2002,Y,1509,1399
부산,북구,광신석유(주)직영 덕천주유소,부산 북구 의성로 20 (덕천동),SK에너지,051-343-5232,Y,1509,1399
부산,북구,동양가스산업(주)명품주유소,부산 북구 금곡대로 113 (덕천동),HD현대오일뱅크,051-343-3003,Y,1509,1399
부산,북구,무궁화주유소,부산 북구 금곡대로 37,HD현대오일뱅크,051-341-0151,Y,1525,1425
부산,북구,SK에너지(주)신광셀프주유소,부산 북구 덕천로 275 (만덕동),SK에너지,051-336-9911,Y,1529,1484
부산,북구,성도주유소,부산 북구 낙동대로 1642,S-OIL,051-333-3351,Y,1538,1438
부산,북구,SK에너지(주)두꺼비,부산 북구 금곡대로 362 (화명동),SK에너지,051-362-5555,Y,1539,1479
부산,북구,삼진셀프주유소,부산 북구 의성로53번길 5,SK에너지,051-342-3516,Y,1539,1479
부산,북구,무지개주유소,부산 북구 금곡대로 692 (금곡동),HD현대오일뱅크,051-335-4330,N,1569,1389
부산,북구,지에스칼텍스(주)라인셀프주유소,부산 북구 덕천로 179 (만덕동),GS칼텍스,051-338-5145,Y,1574,1469
부산,사상구,용마주유소,부산 사상구 가야대로 329 (주례동),알뜰주유소,051-311-3653,Y,1475,1375
부산,사상구,㈜덕양에너지직영 굿모닝주유소,부산 사상구 학감대로 70 (학장동),SK에너지,051-323-2123,Y,1475,1375
부산,사상구,부영석유(주)도매주유소,부산 사상구 가야대로 10 (감전동),GS칼텍스,051-315-1117,Y,1475,1385
부산,사상구,(주)지엠지 우경주유소,부산 사상구 백양대로 477 (주례동),S-OIL,051-312-0951,Y,1475,1375
부산,사상구,(주)덕양에너지 직영 구덕산주유소,부산 사상구 학감대로 98 (학장동),SK에너지,051-323-9890,Y,1475,1375
부산,사상구,에스씨(주) 새문주유소,부산 사상구 학감대로 30 (학장동),GS칼텍스,051-324-3502,Y,1475,1375
부산,사상구,원주유소,부산 사상구 백양대로 349 (주례동),HD현대오일뱅크,051-323-0224,Y,1475,1375
부산,사상구,(주)좋은기름나라새사상셀프주유소지점,부산 사상구 새벽로 154,S-OIL,051-328-2270,Y,1475,1385
부산,사상구,서부산IC주유소,부산 사상구 학감대로 170,SK에너지,051-328-5189,Y,1475,1375
부산,사상구,스마트주유소,부산 사상구 가야대로 377,HD현대오일뱅크,051-314-5151,Y,1475,1375
부산,사상구,성림주유소,부산 사상구 백양대로 480,HD현대오일뱅크,051-545-5151,Y,1475,1375
부산,사상구,우리주유소 (주)시블링스,부산 사상구 백양대로 701 (덕포동),알뜰주유소,051-304-3654,Y,1475,1375
부산,사상구,세원주유소,부산 사상구 학감대로 178,알뜰주유소,051-328-5311,Y,1475,1375
부산,사상구,행복한셀프주유소,부산 사상구 학감대로 73 (학장동),HD현대오일뱅크,051-327-7547,Y,1475,1375
부산,사상구,광신홀딩스㈜ 직영 낙동대로주유소,부산 사상구 낙동대로 935 (감전동),SK에너지,051-311-0131,Y,1475,1385
부산,사상구,광신석유(주)직영 가야대로주유소,부산 사상구 가야대로 395,SK에너지,070-4788-8153,Y,1475,1375
부산,사상구,㈜제이와이비젼 명성주유소,부산 사상구 학감대로 220 (감전동),GS칼텍스,051-324-5085,Y,1479,1389
부산,사상구,구룡주유소,부산 사상구 가야대로 150 (학장동),HD현대오일뱅크,051-316-4360,Y,1488,1388
부산,사상구,(주)부영에너지,부산 사상구 낙동대로 994 (감전동),SK에너지,051-317-0296,Y,1494,1379
부산,사상구,엔씨네트웍스(주)직영주유소,부산 사상구 사상로 105,SK에너지,051-913-5151,Y,1498,1398
부산,사상구,흥일주유소 주식회사,부산 사상구 낙동대로 1520 (삼락동),GS칼텍스,051-302-6244,N,1528,1428
부산,사상구,(주)유창주유소,부산 사상구 낙동대로 753 (엄궁동),GS칼텍스,051-328-4422,N,1536,1436
부산,사상구,한라주유소,부산 사상구 학장로 107 (학장동),SK에너지,051-326-9398,Y,1537,1422
부산,사상구,아산주유소,부산 사상구 새벽로 1 (학장동),S-OIL,051-312-0051,Y,1537,1437
부산,사상구,대흥오일뱅크주유소,부산 사상구 새벽로 2,HD현대오일뱅크,051-312-2526,N,1538,1438
부산,사상구,동해주유소,부산 사상구 낙동대로 1274 (삼락동),HD현대오일뱅크,051-305-9558,Y,1538,1438
부산,사상구,가락타운주유소,부산 사상구 낙동대로 730 (엄궁동),SK에너지,051-325-1200,Y,1538,1438
부산,사상구,(주)성은에너지 자이언트 주유소,부산 사상구 강변대로 458 (엄궁동),GS칼텍스,051-315-4027,Y,1538,1438
부산,사상구,(주)호림에너지 호림주유소,부산 사상구 낙동대로 669 (엄궁동),HD현대오일뱅크,051-317-5187,N,1539,1439
부산,사상구,경동주유소,부산 사상구 백양대로 386 (주례동),HD현대오일뱅크,051-311-6114,Y,1543,1413
부산,사상구,(주)성은에너지 제3주유소,부산 사상구 강변대로 412 (엄궁동),SK에너지,051-323-4027,Y,1548,1448
부산,사상구,농산물주유소,부산 사상구 농산물시장로25번길 94,SK에너지,051-327-0011,N,1560,1449
부산,사상구,산업주유소,부산 사상구 낙동대로 879 (감전동),SK에너지,051-311-4305,Y,1568,1478
부산,사상구,중앙주유소,부산 사상구 낙동대로 1316 (삼락동),HD현대오일뱅크,051-305-0629,N,1568,1468
부산,사상구,HD현대오일뱅크㈜직영 감전주유소,부산 사상구 낙동대로 978 (감전동),HD현대오일뱅크,051-315-6362,N,1569,1489
부산,사상구,대림주유소,부산 사상구 낙동대로 1320,S-OIL,051-302-1577,Y,1589,1489
부산,사상구,성경주유소,부산 사상구 모덕로 69 (모라동),SK에너지,051-304-5100,N,1598,1498
부산,사상구,지에스칼텍스(주)서부주유소,부산 사상구 낙동대로 1380 (삼락동),GS칼텍스,051-304-8873,Y,1599,1499
부산,사상구,새동창주유소,부산 사상구 낙동대로 920 (감전동),SK에너지,051-324-1117,N,1608,1498
부산,사상구,아시아사상주유소,부산 사상구 새벽로 207 (괘법동),SK에너지,051-321-1445,N,1787,1687
부산,사상구,건영주유소,부산 사상구 가야대로 63 (감전동),SK에너지,051-328-5181,N,1798,1748
부산,사상구,광신홀딩스㈜ 직영 감전주유소,부산 사상구 낙동대로 1070 (감전동),SK에너지,051-328-6402,Y,1999,2099
부산,사하구,다대로주유소,부산 사하구 을숙도대로 712,HD현대오일뱅크,051-266-5189,Y,1499,1389
부산,사하구,장림대흥주유소,부산 사하구 다대로 292 (장림동),SK에너지,051-262-5189,Y,1499,1389
부산,사하구,대로주유소,부산 사하구 다대로 280 (장림동),S-OIL,051-265-5110,Y,1499,1389
부산,사하구,에스씨(주) 감천주유소,부산 사하구 감천로 79 (감천동),GS칼텍스,051-291-9700,Y,1499,1389
부산,사하구,부영석유 도매주유소,부산 사하구 을숙도대로 564,GS칼텍스,051-202-7333,Y,1499,1389
부산,사하구,사하주유소,부산 사하구 을숙도대로 583,S-OIL,051-202-5175,Y,1499,1389
부산,사하구,서부산농협주유소,부산 사하구 장평로 177 (장림동),NH-OIL,051-262-0072,Y,1499,1389
부산,사하구,오케이주유소,부산 사하구 사하로 150 (괴정동),S-OIL,051-293-7601,Y,1499,1389
부산,사하구,대양석유(주) SK괴정주유소,부산광역시 사하구  사하로 129,SK에너지,051-206-7446,Y,1499,1389
부산,사하구,광신홀딩스㈜ 직영 을숙도대로주유소,부산 사하구 을숙도대로 530 (신평동),SK에너지,051-205-8800,Y,1499,1389
부산,사하구,동원주유소(주),부산 사하구 감천항로 445 (구평동),HD현대오일뱅크,051-261-4448,Y,1515,1408
부산,사하구,극동유화(주) 부산주유소,부산 사하구 하신중앙로 165 (신평동),S-OIL,051-293-5451,Y,1517,1449
부산,사하구,퍼시픽에너지(주),부산 사하구 다대로 575 (다대동),알뜰주유소,051-313-5182,Y,1526,1416
부산,사하구,토성셀프주유소,부산 사하구 다대로 581 (다대동),SK에너지,051-261-5145,Y,1528,1418
부산,사하구,지에스칼텍스㈜ 동아주유소,부산 사하구 낙동대로 112 (괴정동),GS칼텍스,051-206-2351,Y,1529,1439
부산,사하구,(주)천일에너지 대진주유소,부산 사하구 낙동대로 339,HD현대오일뱅크,051-206-6489,Y,1537,1437
부산,사하구,남성주유소,부산 사하구 하신중앙로 240 (하단동),HD현대오일뱅크,051-205-4631,Y,1537,1457
부산,사하구,대창제1주유소,부산 사하구 을숙도대로 821 (구평동),SK에너지,051-266-7788,Y,1539,1429
부산,사하구,인도에너지(주),부산 사하구 감천항로 20,SK에너지,051-988-1817,Y,1539,1409
부산,사하구,오션셀프주유소,부산 사하구 감천항로 227,S-OIL,010-2755-7600,Y,1539,1389
부산,사하구,지에스칼텍스(주)다대주유소,부산 사하구 다대로 377 (장림동),GS칼텍스,051-265-5131,Y,1539,1429
부산,사하구,신평주유소,부산 사하구 하신중앙로 166 (신평동),SK에너지,051-203-4277,N,1557,1477
부산,사하구,조은셀프주유소,부산 사하구 낙동대로 312 (괴정동),S-OIL,051-291-5189,Y,1559,1469
부산,사하구,SK에너지(주)국영,부산 사하구 장림번영로 7 (장림동),SK에너지,051-262-8866,Y,1569,1459
부산,사하구,장림주유소,부산 사하구 장림로 287 (장림동),HD현대오일뱅크,051-261-3773,Y,1569,1419
부산,사하구,대호주유소,부산 사하구 하신중앙로 55 (신평동),S-OIL,051-204-8200,N,1610,1490
부산,사하구,선경주유소,부산 사하구 을숙도대로 728,S-OIL,051-266-5130,Y,1695,1445
부산,사하구,대경주유소,부산 사하구 감천항로 64 (구평동),S-OIL,051-262-8494,N,1699,1599
부산,서구,(주)디시에너지 운동장,부산 서구 보수대로 220 (동대신제3동),HD현대오일뱅크,051-243-0444,Y,1495,1395
부산,서구,(주)디시에너지 대신지점,부산 서구 대영로 91,HD현대오일뱅크,051-242-8144,Y,1529,1439
부산,서구,고려주유소 대신점,부산 서구 대영로 88,S-OIL,051-912-7555,Y,1539,1449
부산,서구,동방석유(주)직영 모든주유소,부산 서구 감천로 227 (암남동),SK에너지,051-244-5151,Y,1549,1439
부산,서구,피치스주유소 빙고점,부산 서구 충무대로 240,자가상표,051-242-7719,Y,1566,1466
부산,서구,남항대교주유소,부산 서구 충무대로 108 (암남동),SK에너지,051-231-5145,Y,1569,1469
부산,서구,남부주유소 (송도아랫길),부산 서구 충무대로 150 (남부민동),GS칼텍스,051-255-9528,N,1589,1499
부산,서구,지에스칼텍스㈜ 대성주유소,부산 서구 충무대로 126 (남부민동),GS칼텍스,051-257-2601,Y,1589,1489
부산,서구,(주)부영에너지직영신일주유소,부산 서구 구덕로 273 (서대신동1가),SK에너지,051-256-3929,Y,1638,1549
부산,서구,스타2 주유소,부산 서구 원양로 260 (암남동),GS칼텍스,051-243-6661,N,1699,1389
부산,수영구,마린타이거주유소,부산 수영구 광남로 241 (민락동),GS칼텍스,051-756-0903,N,1495,1395
부산,수영구,광안리주유소,부산 수영구 광남로 83,S-OIL,051-754-9799,Y,1495,1395
부산,수영구,(주)세왕에너지 세진주유소,부산 수영구 광남로 176 (민락동),SK에너지,051-755-8188,Y,1495,1395
부산,수영구,센텀타이거주유소,부산 수영구 민락본동로 30,알뜰주유소,051-751-2281,Y,1515,1415
부산,수영구,신영주유소,부산 수영구 과정로 23,SK에너지,051-756-4518,N,1518,1428
부산,수영구,대양산업(주)대영주유소,부산 수영구 수영로 731,GS칼텍스,051-753-0360,Y,1524,1474
부산,수영구,지에스칼텍스(주)부산주유소,부산 수영구 수영로 558 (광안동),GS칼텍스,051-753-0569,Y,1529,1479
부산,수영구,지에스칼텍스(주) 언덕주유소,부산 수영구 연수로 239,GS칼텍스,051-757-6100,Y,1529,1494
부산,수영구,땡큐망미주유소,부산 수영구  연수로 254 (망미동),S-OIL,051-752-6056,Y,1577,1497
부산,수영구,인성셀프 HD현대오일뱅크(주)직영,부산 수영구 연수로 250 (망미동),HD현대오일뱅크,051-752-9475,Y,1579,1509
부산,수영구,SK에너지(주)강일주유소,부산 수영구 연수로 411,SK에너지,051-752-6371,Y,1584,1559
부산,수영구,금련산주유소,부산 수영구 수영로 491 (남천동),S-OIL,051-621-5189,N,1595,1495
부산,수영구,금호주유소,"부산 수영구 과정로 4,  (망미동)",SK에너지,051-756-3792,N,1679,1579
부산,수영구,(주)호유주유소,부산 수영구 좌수영로 151 (망미동),GS칼텍스,051-757-8806,N,1688,1588
부산,수영구,(주)청유주유소,부산 수영구 좌수영로 147 (망미동),SK에너지,051-757-8806,Y,1698,1598
부산,연제구,하얀100연산주유소,부산 연제구 반송로 68 (연산동),SK에너지,051-868-5252,Y,1488,1388
부산,연제구,(주)좋은기름나라연산주유소지점,부산 연제구 고분로 51 (연산동),S-OIL,051-851-5199,Y,1505,1395
부산,연제구,성학주유소,부산 연제구 월드컵대로 249 (거제동),알뜰주유소,051-505-7090,N,1508,1398
부산,연제구,광동페트로㈜ 감사드림주유소,부산 연제구 거제대로 98,HD현대오일뱅크,051-851-0976,Y,1509,1399
부산,연제구,자이주유소,부산 연제구 과정로 325 (연산동),GS칼텍스,051-864-4244,Y,1519,1429
부산,연제구,광신홀딩스㈜ 직영 토곡주유소,부산 연제구 과정로 208,SK에너지,051-759-3802,Y,1519,1429
부산,연제구,금천셀프주유소,부산 연제구 과정로 134 (연산동),S-OIL,051-759-9393,Y,1535,1445
부산,연제구,신한양주유소,부산 연제구 연안로 20 (연산동),SK에너지,051-758-5351,Y,1538,1448
부산,연제구,영웅주유소,부산 연제구 온천천남로 86 (연산동),HD현대오일뱅크,051-759-5776,N,1539,1454
부산,연제구,SK에너지(주)부흥셀프주유소,부산 연제구 과정로 120 (연산동),SK에너지,051-759-5182,Y,1555,1485
부산,연제구,현대오일뱅크㈜직영 연산셀프주유소,부산 연제구 중앙대로 1179 (거제동),HD현대오일뱅크,051-867-6741,Y,1579,1499
부산,연제구,현대오일뱅크(주)직영 부산현대주유소,부산 연제구 아시아드대로 107 (거제동),HD현대오일뱅크,051-502-9131,N,1579,1479
부산,연제구,연제주유소,부산 연제구 연수로 87,S-OIL,051-636-4356,N,1699,1599
부산,영도구,동현주유소,부산 영도구 해양로 212,SK에너지,051-405-5170,N,1593,1493
부산,영도구,태종대온천주유소,부산 영도구 태종로 806-1 (동삼동),SK에너지,051-405-2530,N,1597,1497
부산,영도구,해양특구주유소,부산 영도구 해양로 270,GS칼텍스,051-404-5189,Y,1598,1498
부산,영도구,태종에너지청학주유소,부산 영도구 태종로 376 (청학동),SK에너지,051-414-7279,Y,1598,1498
부산,영도구,SK에너지(주)직영 태종로주유소,부산 영도구 태종로 290 (청학동),SK에너지,051-412-5155,Y,1598,1498
부산,영도구,세기상사㈜ 대성주유소,부산 영도구 해양로 128 (청학동),S-OIL,051-412-5189,N,1598,1498
부산,영도구,남항주유소,부산 영도구 남항서로 96(남항동2가),SK에너지,051-416-0904,N,1793,1693
부산,영도구,(주)나부코직영 우원주유소,부산 영도구 태종로 181 (봉래동4가),SK에너지,051-418-7600,N,1858,1778
서울,강서구,강서오곡셀프주유소,서울 강서구 벌말로 254 (오곡동),SK에너지,032-671-5186,Y,1483,1389
서울,강서구,(주)타이거오일 방화주유소,서울 강서구 방화동로 58-2 (방화동),SK에너지,02-2662-0503,Y,1493,1433
서울,강서구,이케이에너지(주) 강서주유소,서울 강서구 화곡로 273 (화곡동),HD현대오일뱅크,02-2699-5219,Y,1494,1419
서울,강서구,목화주유소,서울 강서구 국회대로 251 (화곡동),알뜰주유소,02-2654-4564,Y,1494,1419
서울,강서구,뉴신정주유소,서울 강서구 곰달래로 207 (화곡동),알뜰주유소,02-2606-1149,N,1494,1419
서울,강서구,화곡역주유소,서울 강서구 강서로 154 (화곡동),알뜰주유소,02-2691-5151,Y,1494,1419
서울,강서구,스카이주유소,서울 강서구 개화동로 457 (방화동),S-OIL,02-2663-5146,Y,1495,1443
서울,강서구,행촌에너지 공항주유소,서울 강서구 개화동로 420 (개화동),HD현대오일뱅크,02-2665-5189,Y,1495,1443
서울,강서구,지에스칼텍스㈜ 경인고속주유소,서울 강서구 국회대로 225 (화곡동),GS칼텍스,02-2608-5151,Y,1499,1429
서울,강서구,유턴주유소,서울 강서구 남부순환로 57,알뜰주유소,02-2665-5047,Y,1499,1435
서울,강서구,KH에너지(주)직영 KH외발산주유소,서울 강서구 방화대로 30,SK에너지,032-677-9497,Y,1520,1450
서울,강서구,하이웨이주유소,서울특별시 강서구 공항대로 432(화곡동),S-OIL,02-2605-4000,Y,1569,1494
서울,강서구,HD현대오일뱅크㈜직영 양화교셀프주유소,서울 강서구 공항대로 653,HD현대오일뱅크,02-3665-2004,Y,1569,1504
서울,강서구,현대오일뱅크 등촌주유소,서울 강서구 등촌로 189 (등촌동),HD현대오일뱅크,02-2647-5700,N,1576,1496
서울,강서구,개화주유소,서울 강서구 양천로 57,SK에너지,02-2661-5555,Y,1577,1497
서울,강서구,대성석유(주) 관문주유소,서울 강서구 공항대로 314,GS칼텍스,02-3665-2051,N,1578,1558
서울,강서구,오션네트웍스(주) 서울식물원지점,서울 강서구 양천로 300,SK에너지,02-3661-8829,Y,1578,1538
서울,강서구,우장산주유소,서울 강서구 강서로 292 (내발산동),SK에너지,02-3664-7163,Y,1578,1556
서울,강서구,화곡현대주유소,서울 강서구 강서로 151 (화곡동),SK에너지,02-2607-1942,Y,1580,1546
서울,강서구,강서열린주유소,서울 강서구 등촌로 213 (등촌동),GS칼텍스,02-2647-9091,N,1588,1498
서울,강서구,신화곡주유소,서울 강서구 국회대로 71,S-OIL,02-2611-3161,Y,1595,1495
서울,강서구,대성석유(주)방화대성주유소,서울 강서구 양천로 176,GS칼텍스,02-3663-7781,Y,1596,1558
서울,강서구,대성석유(주) 마곡대성주유소,서울 강서구 강서로 457,GS칼텍스,02-3664-7781,Y,1596,1558
서울,강서구,HD현대오일뱅크㈜직영 가양주유소,서울 강서구  양천로 391 (가양동),HD현대오일뱅크,02-3661-9470,N,1599,1559
서울,강서구,세원제1주유소,서울 강서구 양천로 311 (가양동),SK에너지,02-3663-5151,Y,1608,1568
서울,강서구,SK KH에너지 가양주유소,서울 강서구 강서로 498 (가양동),SK에너지,02-3664-6051,N,1618,1578
서울,강서구,대성주유소,서울 강서구 강서로 472,GS칼텍스,02-3661-6102,N,1618,1578
서울,강서구,(주)한진 김포공항제2주유소,서울 강서구 하늘길 112,S-OIL,02-2661-8892,Y,1636,1562
서울,강서구,박물관주유소,서울 강서구 양천로53길 97 (가양동),GS칼텍스,02-3665-5189,N,1658,1598
서울,강서구,코리나(주)청룡주유소,서울 강서구 양천로 576,SK에너지,02-3661-1575,N,1678,1598
서울,강서구,참솔에너지,서울 강서구 벌말로 281 (오곡동),S-OIL,070-8844-8282,Y,1760,1680
서울,강서구,염창동주유소,서울 강서구 양천로 720 (염창동),SK에너지,02-3664-4134,N,1935,1860
부산,중구,고려주유소,부산 중구 대청로 153 (중앙동5가),SK에너지,051-469-1288,N,1645,1535
부산,해운대구,㈜영원석유 영원주유소,부산 해운대구 해운대로 1178,HD현대오일뱅크,051-702-7293,Y,1465,1365
부산,해운대구,삼양주유소,부산 해운대구 해운대로 1249 (송정동),GS칼텍스,051-704-5149,Y,1465,1365
부산,해운대구,오시리아주유소,부산 해운대구 해운대로 1226 (송정동),HD현대오일뱅크,051-703-5025,Y,1465,1365
부산,해운대구,㈜영원석유 하늘주유소,부산 해운대구 해운대로 1184,S-OIL,051-704-0980,Y,1473,1373
부산,해운대구,대양산업(주)동화주유소,부산 해운대구 해운대로 211 (재송동),GS칼텍스,051-781-4400,Y,1481,1394
부산,해운대구,(주)대양씨앤씨 달맞이주유소,부산 해운대구 달맞이길 57 (중동),GS칼텍스,051-747-8481,Y,1481,1409
부산,해운대구,(주)이엠석유 대흥주유소,부산 해운대구 좌동순환로 419 (중동),GS칼텍스,051-731-3675,Y,1481,1409
부산,해운대구,구도일주유소 센텀시티,부산 해운대구 해운대로 285 (우동),S-OIL,051-742-0882,Y,1490,1411
부산,해운대구,한양 브라보주유소,부산 해운대구 해운대로 1238 (송정동),알뜰주유소,051-703-5451,N,1495,1395
부산,해운대구,(주)세일 송정역주유소,부산 해운대구 해운대로 1217,S-OIL,051-717-3070,Y,1498,1398
부산,해운대구,해운대주유소,부산 해운대구 좌동순환로 375,S-OIL,051-747-2526,Y,1499,1421
부산,해운대구,SK에너지(주)직영 송정셀프주유소,부산 해운대구 해운대로 1075 (송정동),SK에너지,051-704-0011,Y,1499,1429
부산,해운대구,동부산셀프주유소,부산 해운대구 반송로 875 (반송동),GS칼텍스,051-543-1273,Y,1499,1395
부산,해운대구,양천석유(주)덕진셀프주유소반송점,부산 해운대구 반송로 782,SK에너지,051-531-5151,Y,1505,1395
부산,해운대구,성림주유소,부산 해운대구 반송로 780 (석대동),S-OIL,051-545-5151,Y,1505,1395
부산,해운대구,해변주유소,부산 해운대구 해운대로 592 (우동),SK에너지,051-363-9633,Y,1509,1419
부산,해운대구,동양가스(주) 명품주유소반송점,부산 해운대구 반송로 781 (석대동),HD현대오일뱅크,051-522-2590,Y,1509,1399
부산,해운대구,(주)조은하루주유소,부산 해운대구 해운대로 551 (우동),S-OIL,051-741-5189,Y,1515,1415
부산,해운대구,지에스칼텍스(주)해운주유소,부산 해운대구 해운대로 615 (우동),GS칼텍스,051-744-0185,Y,1519,1419
부산,해운대구,광신석유(주)직영 수영강변대로주유소,부산 해운대구 수영강변대로 568,SK에너지,051-529-1100,Y,1519,1434
부산,해운대구,sc(주)센텀주유소,부산광역시 해운대구  수영강변대로 504 (반여동),GS칼텍스,051-527-4144,Y,1519,1434
부산,해운대구,신촌셀프주유소,부산 해운대구 반여로 153 (반여동),S-OIL,051-523-5151,Y,1519,1434
부산,해운대구,지에스칼텍스(주)광안대로주유소,부산 해운대구 수영강변대로 590,GS칼텍스,051-521-1436,Y,1519,1434
부산,해운대구,SK에너지(주)직영 해운대센텀주유소,부산 해운대구 수영강변대로 276,SK에너지,051-784-2999,Y,1519,1439
부산,해운대구,SK에너지(주)신도시주유소,부산 해운대구 대천로 82 (좌동),SK에너지,051-747-5182,Y,1539,1499
부산,해운대구,동해주유소,부산 해운대구 재반로 163 (재송동),SK에너지,051-783-8660,Y,1549,1479
부산,해운대구,HD현대오일뱅크㈜직영 센텀셀프주유소,부산 해운대구 해운대로 179 (재송동),HD현대오일뱅크,051-784-0293,Y,1549,1497
부산,해운대구,SK에너지(주) 마리나주유소,부산 해운대구 해운대로 345 (우동),SK에너지,051-747-5181,Y,1559,1469
부산,해운대구,HD현대오일뱅크㈜직영 장산IC주유소,부산 해운대구 양운로 107 (좌동),HD현대오일뱅크,051-704-5189,N,1579,1478
부산,해운대구,SK에너지(주) 돌고래주유소,부산 해운대구 해운대로573번길 16,SK에너지,051-747-5190,N,1579,1499
부산,해운대구,에스씨(주) 마리나타운주유소,부산 해운대구 해운대해변로 44 (우동),GS칼텍스,051-741-7030,N,1629,1548
서울,관악구,HD현대오일뱅크㈜직영 문성골주유소,서울 관악구 문성로 97 (신림동),HD현대오일뱅크,02-839-0081,N,1559,1464
서울,관악구,(주)엠오티이엔지 직영 삼화주유소,서울 관악구 보라매로 41,HD현대오일뱅크,02-889-8929,N,1564,1464
서울,관악구,(주)한유에너지행운셀프주유소,서울 관악구 남부순환로 1883 (봉천동),SK에너지,02-871-5189,Y,1564,1464
서울,관악구,(주)연우에너지 신관주유소,서울 관악구 신림로 290 (신림동),알뜰주유소,02-871-1356,Y,1564,1464
서울,관악구,대양석유(주)직영 보라매주유소,서울 관악구  보라매로 26 (봉천동),SK에너지,02-882-5189,Y,1569,1474
서울,관악구,HD현대오일뱅크㈜직영 관악셀프주유소,서울 관악구 남부순환로 1520 (신림동),HD현대오일뱅크,02-867-1877,Y,1574,1474
서울,관악구,서일석유(주)락성주유소,서울 관악구 남부순환로 1920 (봉천동),GS칼텍스,02-877-0867,Y,1575,1475
서울,관악구,SK에너지(주) 신봉천,서울 관악구 남부순환로 1880 (봉천동),SK에너지,02-885-5189,N,1585,1485
서울,관악구,SK에너지(주)직영 대공원주유소,서울 관악구 과천대로 921 (남현동),SK에너지,02-584-2522,N,1585,1485
서울,관악구,현대주유소,서울 관악구 난곡로 108 (신림동),HD현대오일뱅크,02-851-9200,N,1596,1496
서울,관악구,유림주유소,서울 관악구 신림로 176 (신림동),S-OIL,02-887-5145,N,1598,1498
서울,관악구,관악시몬주유소,서울특별시 관악구 남부순환로 1753 (봉천동),S-OIL,02-874-5185,N,1665,1565
서울,관악구,지에스칼텍스㈜ 난곡주유소,서울 관악구 난곡로 206,GS칼텍스,02-858-2003,N,1799,1699
서울,광진구,(주)창원CW,서울 광진구 광나루로 460 (화양동),HD현대오일뱅크,02-3436-1112,Y,1519,1435
서울,광진구,HD현대오일뱅크㈜직영 능동주유소,서울 광진구 천호대로 584 (능동),HD현대오일뱅크,02-452-7723,Y,1519,1435
서울,광진구,태양주유소,서울 광진구 동일로 345 (중곡동),HD현대오일뱅크,02-464-5141,N,1524,1444
서울,광진구,(주)장수주유소,서울 광진구 동일로 266 (군자동),SK에너지,02-498-1981,Y,1527,1447
서울,광진구,용마주유소,서울 광진구 용마산로 68 (중곡동),GS칼텍스,02-456-1884,N,1528,1442
서울,광진구,대원주유소,서울 광진구 용마산로 122 (중곡동),S-OIL,02-444-1666,N,1528,1442
서울,광진구,HD현대오일뱅크㈜직영 중원셀프주유소,서울 광진구 동일로 398 (중곡동),HD현대오일뱅크,02-467-2410,Y,1528,1449
서울,광진구,HD현대오일뱅크㈜직영 장호셀프주유소,서울 광진구 자양로 37 (자양동),HD현대오일뱅크,02-447-9796,Y,1528,1455
서울,광진구,HD현대오일뱅크㈜직영 중곡현대주유소,서울 광진구 동일로 435 (중곡동),HD현대오일뱅크,02-497-5151,Y,1528,1449
서울,광진구,정해네트웍스(주)일진주유소,서울 광진구 동일로 413 (중곡동),S-OIL,02-461-5152,Y,1567,1487
서울,광진구,삼호주유소,서울 광진구 천호대로 809 (광장동),S-OIL,02-455-7200,Y,1697,1597
서울,광진구,유니스에너지 자양주유소,서울 광진구 아차산로 298 (자양동),SK에너지,02-457-7600,N,1698,1598
서울,광진구,강평주유소 ㈜강평텔레콤,서울 광진구 아차산로 616,SK에너지,02-2201-0736,N,1798,1697
서울,구로구,(주)서울에너지 궁동주유소,서울 구로구 오리로 1299 (궁동),HD현대오일뱅크,070-8671-2981,Y,1479,1414
서울,구로구,㈜자연에너지 고척주유소,서울 구로구 고척로 199 (고척동),HD현대오일뱅크,070-8671-3106,Y,1479,1414
서울,구로구,서서울고속주유소,서울 구로구 경인로 150 (오류동),SK에너지,02-2683-1126,Y,1479,1414
서울,구로구,씨앤에스유통(주) 구로드림주유소,서울 구로구 경인로 41 (온수동),S-OIL,02-2611-5180,Y,1490,1415
서울,구로구,SK구로주유소,서울 구로구 구일로 94 (구로동),SK에너지,02-868-5758,N,1515,1425
서울,구로구,극동유화(주) 항동주유소,서울 구로구 서해안로 2154 (항동),S-OIL,02-2611-1113,Y,1519,1449
서울,구로구,대원셀프주유소,서울 구로구 개봉로 7,HD현대오일뱅크,02-2612-3880,Y,1525,1435
서울,구로구,구인주유소,서울 구로구 경인로 558 (구로동),SK에너지,02-2677-5010,N,1525,1435
서울,구로구,신성주유소,서울 구로구 구로동로 187 (구로제2동),HD현대오일뱅크,02-866-5189,Y,1525,1435
서울,구로구,(주)한미석유구로그린주유소,서울 구로구 구로중앙로 76 (구로동),GS칼텍스,02-861-5189,Y,1525,1435
서울,구로구,대성산업(주)디큐브주유소,서울 구로구 경인로 650 (신도림동),GS칼텍스,02-2633-7188,N,1539,1469
서울,구로구,HD현대오일뱅크㈜직영 구로셀프주유소,서울 구로구 시흥대로 531,HD현대오일뱅크,02-856-1135,Y,1574,1474
서울,구로구,SK에너지(주)직영 개봉동주유소,서울 구로구 경인로 290 (개봉동),SK에너지,02-2616-5189,N,1577,1514
서울,구로구,HD현대오일뱅크㈜직영 신구로주유소,서울 구로구 가마산로 293 (구로동),HD현대오일뱅크,02-859-0051,N,1584,1513
서울,구로구,개봉주유소,서울 구로구 고척로 115 (개봉동),HD현대오일뱅크,02-2618-5145,Y,1597,1497
서울,구로구,영진주유소,서울 구로구 구로동로 20 (가리봉동),S-OIL,02-861-6625,N,1699,1599
서울,구로구,동아주유소,서울 구로구 도림로 91 (구로동),S-OIL,02-855-1282,N,1798,1598
서울,구로구,JHC에너지,서울 구로구 시흥대로 539,HD현대오일뱅크,02-866-9553,N,1853,1763
서울,구로구,구로주유소,서울 구로구 구로동로 137 (구로동),GS칼텍스,02-857-1251,N,2240,2140
서울,금천구,구광주유소,서울 금천구 서부샛길 674 (가산동),S-OIL,02-868-6889,N,1515,1425
서울,금천구,(주)화동유업 화동주유소,서울 금천구 시흥대로 484,SK에너지,02-856-0283,Y,1523,1446
서울,금천구,(주)백운주유소,서울 금천구 시흥대로 282 (독산동),알뜰주유소,02-894-8521,Y,1524,1444
서울,금천구,HD현대오일뱅크㈜직영 금천현대셀프주유소,서울 금천구 독산로 147 (시흥동),HD현대오일뱅크,02-891-5189,Y,1524,1447
서울,금천구,백산주유소,서울특별시 금천구  시흥대로 174 (시흥동),S-OIL,02-807-3161,Y,1575,1475
서울,금천구,대득에너지(금천셀프주유소),서울 금천구  시흥대로 81 (시흥동),GS칼텍스,02-805-7888,Y,1575,1475
서울,금천구,현대오일뱅크㈜직영 금천제일주유소,서울 금천구 남부순환로 1410 (독산동),HD현대오일뱅크,02-859-5426,N,1579,1479
서울,금천구,남서울경복에너지,서울 금천구 독산로 257 (독산동),HD현대오일뱅크,02-855-9880,Y,1579,1479
서울,금천구,SK에너지(주) 이가주유소,서울 금천구 시흥대로 441,SK에너지,02-861-2241,N,1595,1495
서울,금천구,SK에너지(주) 박미주유소,서울 금천구 시흥대로 39-7 (시흥동),SK에너지,02-802-6749,Y,1595,1495
서울,노원구,이엠석유(주)배꽃나라주유소,서울 노원구 화랑로 466 (공릉1동),GS칼텍스,02-973-5172,Y,1505,1435
서울,노원구,월계주유소,서울 노원구 월계로 252 (월계동),GS칼텍스,02-917-7650,Y,1525,1445
서울,노원구,(주)정건에너지직영,서울 노원구 노원로17길 29 (하계동),HD현대오일뱅크,02-975-1386,Y,1525,1445
서울,노원구,남선석유(주)구도일주유소 불암,서울 노원구 한글비석로 268 (중계동),S-OIL,02-932-6850,Y,1525,1455
서울,노원구,삼육주유소,서울 노원구 화랑로 822 (공릉동),SK에너지,02-949-3677,Y,1535,1465
서울,노원구,화랑대주유소,서울 노원구 화랑로 483,HD현대오일뱅크,02-977-9697,Y,1535,1435
서울,노원구,태릉솔밭주유소,서울 노원구 노원로 49 (공릉동),S-OIL,02-976-5189,Y,1545,1475
서울,노원구,한신주유소,서울 노원구 동일로 1089 (공릉동),S-OIL,02-974-5151,Y,1550,1490
서울,노원구,성북역주유소,서울 노원구 광운로 95 (월계동),GS칼텍스,02-919-8141,N,1568,1498
서울,노원구,SK에너지㈜직영 상계주유소,서울 노원구 노해로 527 (상계동),SK에너지,02-930-5151,N,1569,1499
서울,노원구,(주)소모 수락산셀프주유소,서울 노원구 동일로 1772,GS칼텍스,02-3392-5656,Y,1595,1495
서울,노원구,상계동주유소,서울 노원구 노원로26길 191 (상계동),HD현대오일뱅크,02-936-5035,N,1595,1525
서울,노원구,신성주유소,서울 노원구 월계로 328 (월계동),S-OIL,02-916-4334,Y,1598,1498
서울,노원구,하계삼호주유소,서울 노원구 공릉로 294 (하계동),GS칼텍스,02-974-8818,N,1695,1635
